sample_id,region_id,pixel_count,pair_cosine,cluster_with,cluster_no
000681a060c04755a1537cf83b53ba57,0,21760,-0.02590540,1,6
000681a060c04755a1537cf83b53ba57,1,740,0.01971055,0,0
007c057cac8b490fa8b67e72e630b18a,0,21301,-0.02704327,1,6
007c057cac8b490fa8b67e72e630b18a,1,1199,-0.07802511,6,6
00bb84f140c943059a9a1e8e372ddabe,0,21607,-0.02250197,1,6
00bb84f140c943059a9a1e8e372ddabe,1,893,-0.06650599,6,0
00e20f5229844d2d9d7d2889ec5f853c,0,22053,-0.04637681,1,5
00e20f5229844d2d9d7d2889ec5f853c,1,447,0.02915774,4,5
00eb7ba565d744e197dc7e8e2067be52,0,22500,-0.03377990,1,6
01076466d815421c857d2c8cf8034488,0,19136,-0.06687834,1,5
01076466d815421c857d2c8cf8034488,1,3364,-0.07379518,4,5
014a4afe87244310b05f57274f330ddd,0,21783,-0.02259131,1,6
014a4afe87244310b05f57274f330ddd,1,717,-0.05596924,6,6
01a7d01c014f406f87b8fe11976c3d0a,0,22343,-0.03162168,1,5
01a7d01c014f406f87b8fe11976c3d0a,1,157,0.05725365,0,0
01fbe6d2d7384d20967a88e4142b5678,0,21659,-0.02809201,1,6
01fbe6d2d7384d20967a88e4142b5678,1,841,-0.00200287,0,6
020fc9ab781a4afe885c7763321f26da,0,21831,-0.03994225,1,6
020fc9ab781a4afe885c7763321f26da,1,669,0.00623054,0,0
02c431d3d810472d9307d91e77fe495f,0,21893,-0.00793189,1,6
02c431d3d810472d9307d91e77fe495f,1,607,0.05112480,0,6
036ab7bb96424ba494dfc77c1ecfbf61,0,21286,-0.05495356,1,6
036ab7bb96424ba494dfc77c1ecfbf61,1,1214,-0.01434652,0,6
03a9cc3384ea4d25968a6e0afa4278bf,0,22236,-0.02310640,1,6
03a9cc3384ea4d25968a6e0afa4278bf,1,264,0.06149052,0,0
03c4ae55f4f747ea89deb0834aa0a125,0,21812,-0.03269806,1,5
03c4ae55f4f747ea89deb0834aa0a125,1,688,0.02713614,0,6
03e1fa4ec2664a34987dcc8c2898d94d,0,22031,-0.02664150,1,5
03e1fa4ec2664a34987dcc8c2898d94d,1,469,0.00730626,6,0
03e4d13ede7346b6a0f2d602e739795d,0,21180,-0.04714235,1,6
03e4d13ede7346b6a0f2d602e739795d,1,1320,-0.05102443,4,5
040a956bf0c04ad09fffc286cab5bc56,0,21637,0.01148144,1,6
040a956bf0c04ad09fffc286cab5bc56,1,863,0.00690747,5,6
04177e460bdd4b4f9001d8e82f5ca588,0,21488,-0.05287978,1,6
04177e460bdd4b4f9001d8e82f5ca588,1,1012,-0.06023887,0,6
045ecf94b83648229500b23058af3117,0,22370,-0.00744867,1,6
045ecf94b83648229500b23058af3117,1,130,0.07731763,0,0
0466f5710063461b92556fb2d6767980,0,21655,-0.03934851,1,6
0466f5710063461b92556fb2d6767980,1,845,0.05712698,0,0
04828388a55741479c3698cdf6aa2e6c,0,21737,-0.03291384,1,6
04828388a55741479c3698cdf6aa2e6c,1,763,-0.01882036,6,6
04917e6b60ad4cddad1c1f413f789db8,0,18958,-0.06836354,1,5
04917e6b60ad4cddad1c1f413f789db8,1,3542,-0.07515163,4,5
0497c0a2d98145029608177652f791a0,0,22353,-0.03217076,1,6
0497c0a2d98145029608177652f791a0,1,147,0.02451748,3,0
04b954deacb74b3a80c543526dc8f937,0,21700,-0.04418511,1,6
04b954deacb74b3a80c543526dc8f937,1,800,0.00480969,3,6
05527b6dcbb8472a85fa6b7999f63277,0,21919,-0.02718624,1,6
05527b6dcbb8472a85fa6b7999f63277,1,581,0.05653902,5,6
0645e15ddf57496faec8fb83a3068faa,0,21671,-0.02284320,1,6
0645e15ddf57496faec8fb83a3068faa,1,829,-0.02149307,6,6
069b2210186c49c383b08dfded66ff35,0,21509,-0.04362218,1,6
069b2210186c49c383b08dfded66ff35,1,991,0.01034817,6,6
072e60abec274513ac4749e8c3d579e5,0,21561,-0.04043588,1,6
072e60abec274513ac4749e8c3d579e5,1,939,0.04819915,0,6
073394e5ed044800b3e4d7e077716219,0,21739,-0.02662938,1,6
073394e5ed044800b3e4d7e077716219,1,761,0.00166669,0,0
0733caf02ebc44e7adf20c704821ea6b,0,20987,-0.04497099,1,6
0733caf02ebc44e7adf20c704821ea6b,1,1513,-0.04516334,4,5
0775bcc755c148ef831dffe278b1bb94,0,22035,-0.03881195,1,6
0775bcc755c148ef831dffe278b1bb94,1,465,0.01985628,0,5
0791e7e86b98473795eeffe238d6c13b,0,22333,-0.02677020,1,6
0791e7e86b98473795eeffe238d6c13b,1,167,0.06935391,5,0
07aa86866b04474491cb54589c61fd9f,0,21829,-0.03720794,1,6
07aa86866b04474491cb54589c61fd9f,1,671,-0.02325496,4,5
08b2887da76d459fa9dc69f4ae6f20f1,0,21819,-0.04700912,1,6
08b2887da76d459fa9dc69f4ae6f20f1,1,681,0.00961538,5,6
08babb6cc1d64bfbab2f2284d2076c56,0,21539,-0.01416965,1,5
08babb6cc1d64bfbab2f2284d2076c56,1,961,0.00797227,0,6
08d95280dd2f42d98a4a6e33dff8e815,0,21736,-0.03238213,1,5
08d95280dd2f42d98a4a6e33dff8e815,1,764,0.00002950,0,5
08dfcb4bd030497ea9c7d17d4bbba24b,0,22421,-0.01772368,1,6
08dfcb4bd030497ea9c7d17d4bbba24b,1,79,-0.02342541,3,6
08e76760a8c64a92a86686baf68f6aff,0,22392,-0.02635474,1,5
08e76760a8c64a92a86686baf68f6aff,1,108,-0.01980362,7,0
0924dd818c3e44eb9563984a253d51a6,0,21710,-0.02512987,1,6
0924dd818c3e44eb9563984a253d51a6,1,790,-0.05072912,6,0
096d7f5716974c86a19d4de3132dd58b,0,22162,-0.02523034,1,6
096d7f5716974c86a19d4de3132dd58b,1,338,0.05267714,0,0
098415a9e8b7401a8f30c1425ad612eb,0,20383,-0.05117271,1,6
098415a9e8b7401a8f30c1425ad612eb,1,2117,0.00026513,4,5
0a4c9338501444aebc937ec231dcde43,0,21382,-0.02548363,1,6
0a4c9338501444aebc937ec231dcde43,1,1118,-0.08163601,5,6
0abca7b8b2314d82b25444ce6f80bb4e,0,19771,-0.06367798,1,6
0abca7b8b2314d82b25444ce6f80bb4e,1,2729,-0.03511439,4,5
0adef8c999c6418d8c138df6a99b6282,0,22491,-0.04964115,1,5
0adef8c999c6418d8c138df6a99b6282,1,9,-0.05511731,7,5
0b717009572d49c98e83d737915aad57,0,21977,-0.01527498,1,6
0b717009572d49c98e83d737915aad57,1,523,-0.03190104,6,6
0b9c756ea50d4dfbaaec2eb32f1b4b49,0,21361,-0.05434923,1,6
0b9c756ea50d4dfbaaec2eb32f1b4b49,1,1139,-0.02422026,0,6
0c15e8d3127a4b88991c235095d800d2,0,21091,-0.04548217,1,6
0c15e8d3127a4b88991c235095d800d2,1,1409,0.06045525,5,6
0c35a9646b7b4c74af3699f46d6bed9a,0,22176,-0.03125000,1,6
0c35a9646b7b4c74af3699f46d6bed9a,1,324,0.05549377,5,6
0c3d17d2bed9470397407b4684cd4d75,0,21625,-0.03120291,1,6
0c3d17d2bed9470397407b4684cd4d75,1,875,0.06255351,4,6
0c43bcd9eafa4b8c89c371cb311bf938,0,20937,-0.03968853,1,6
0c43bcd9eafa4b8c89c371cb311bf938,1,1563,-0.01746669,5,6
0c7b5c0f1eb84fe28c2d50649809b448,0,21510,-0.04023475,1,6
0c7b5c0f1eb84fe28c2d50649809b448,1,990,0.05926614,0,0
0c81f97d9c334f5194bcb9b886d3163b,0,19348,-0.06703232,1,6
0c81f97d9c334f5194bcb9b886d3163b,1,3152,-0.07114163,4,5
0c97832dafd24fce9a0e4935664dc824,0,22329,-0.01471156,1,6
0c97832dafd24fce9a0e4935664dc824,1,171,-0.04896362,7,6
0de334215b084bba8e4ef079e6262725,0,21791,-0.03023649,1,6
0de334215b084bba8e4ef079e6262725,1,709,0.01768159,5,6
0e6728061166469695094adf2df3ece0,0,22163,-0.03305395,1,6
0e6728061166469695094adf2df3ece0,1,337,0.03698586,5,6
0e6efc712c9e47ac95d5dd133007c3c9,0,21592,-0.04257426,1,6
0e6efc712c9e47ac95d5dd133007c3c9,1,908,-0.08643196,6,6
0e8e2f64b807428ca4ed5bc33c996389,0,21619,-0.04027310,1,6
0e8e2f64b807428ca4ed5bc33c996389,1,881,0.08091463,0,6
0ed7886aecfe47edb1c0297934e5e17e,0,21655,-0.02256159,1,6
0ed7886aecfe47edb1c0297934e5e17e,1,845,-0.07500000,6,6
0f483d8f22694132946c831f5d644cd7,0,21805,-0.04102719,1,6
0f483d8f22694132946c831f5d644cd7,1,695,0.01940129,5,6
0f81a46e706e48c19749d6ac1c908cb1,0,21695,-0.03043732,1,6
0f81a46e706e48c19749d6ac1c908cb1,1,805,0.12757035,5,6
0f858d033faf4aa487501a8e570eb951,0,21351,-0.02729868,1,6
0f858d033faf4aa487501a8e570eb951,1,1149,-0.06171152,6,6
0fae8aae30d44b4faf7a9854eac4bc09,0,20467,0.01327875,1,5
0fae8aae30d44b4faf7a9854eac4bc09,1,2033,0.03016147,4,5
0fd26c837fa048789ed0ac3c22a27832,0,21522,-0.04755711,1,6
0fd26c837fa048789ed0ac3c22a27832,1,978,-0.04849347,6,6
0ffc384fc61a4742a78d179f07ea1c9d,0,21703,-0.02050781,1,5
0ffc384fc61a4742a78d179f07ea1c9d,1,797,0.02673591,7,0
101a617fba0a4c7a91073b49b9b6752f,0,21943,-0.03574723,1,6
101a617fba0a4c7a91073b49b9b6752f,1,557,-0.02196622,0,6
101e831275d740e6b47a6b1e9ef8c7b2,0,22250,-0.02202778,1,6
101e831275d740e6b47a6b1e9ef8c7b2,1,250,0.07352941,3,0
10341c91fa1347e1a0b607ae5eff471c,0,21795,-0.01290657,1,6
10341c91fa1347e1a0b607ae5eff471c,1,705,0.04753035,0,6
10602c94122242d3b7525ec541b3784f,0,21315,-0.02544708,1,6
10602c94122242d3b7525ec541b3784f,1,1185,-0.06112385,6,6
10ad8522733c4c47bcf7dc32cb38762f,0,22298,-0.03611726,1,5
10ad8522733c4c47bcf7dc32cb38762f,1,202,0.00695356,2,6
10b3b79602e246c5811dd7f977a3860f,0,22377,-0.02090888,1,6
10b3b79602e246c5811dd7f977a3860f,1,123,0.11325888,0,0
10cb11d8a5554c2a9741b4f9edd88c86,0,21912,-0.01642146,1,6
10cb11d8a5554c2a9741b4f9edd88c86,1,588,0.02372438,0,6
1141ac734ae0422e9e79ea579d05aef2,0,21998,-0.03579491,1,5
1141ac734ae0422e9e79ea579d05aef2,1,502,0.05722743,0,5
114d8a1f9c4a46a5b4fec1e552027213,0,22393,-0.01227390,1,6
114d8a1f9c4a46a5b4fec1e552027213,1,107,0.03002368,0,6
1192c1448ec044ef97df3078e92032eb,0,21587,-0.01740352,1,6
1192c1448ec044ef97df3078e92032eb,1,913,-0.01334157,0,5
119fb420f7574100b8407f21475cfff3,0,21501,-0.01906311,1,6
119fb420f7574100b8407f21475cfff3,1,999,-0.07613530,6,6
11d08474b2544d969d832d3d370c3db1,0,21905,-0.02378091,1,6
11d08474b2544d969d832d3d370c3db1,1,595,-0.00015007,5,6
1220f9a205ae44418fcce91722e1e601,0,22196,-0.01213954,1,6
1220f9a205ae44418fcce91722e1e601,1,304,0.00299899,7,6
1223445bb2b14ecda09c2b8149e0ec77,0,21556,-0.03468602,1,6
1223445bb2b14ecda09c2b8149e0ec77,1,944,-0.04524431,6,6
12404ec129124d9a9bb72860e3c9c02b,0,21763,-0.02298481,1,6
12404ec129124d9a9bb72860e3c9c02b,1,737,0.01778721,5,6
1244ad3ad1dd409c96c5158b529c89ef,0,21981,-0.01890569,1,6
1244ad3ad1dd409c96c5158b529c89ef,1,519,-0.03399756,6,6
127521ab7d884515a12a3b7a0d69e0b9,0,22500,-0.03042453,1,6
12a0035c7d934d259f5fa32eafd7b0e3,0,21686,-0.02419207,1,6
12a0035c7d934d259f5fa32eafd7b0e3,1,814,0.01418282,0,0
12a72195b0a242b3bf7a48c0d82cd219,0,21640,-0.02413381,1,6
12a72195b0a242b3bf7a48c0d82cd219,1,860,0.01076631,0,0
12ef9ffe9eb640078c007b33f0ce8b47,0,22279,-0.02025045,1,6
12ef9ffe9eb640078c007b33f0ce8b47,1,221,0.05033069,0,0
13350a2c46de430f9b20264cfb1bd3d1,0,21273,-0.02118902,1,6
13350a2c46de430f9b20264cfb1bd3d1,1,1227,-0.05670363,6,6
1339ac69572144179cb5734dc86fa60c,0,20660,-0.02684366,1,6
1339ac69572144179cb5734dc86fa60c,1,1840,0.03191424,6,6
134627f07b8b47f196af46f88013d112,0,21681,-0.03234177,1,6
134627f07b8b47f196af46f88013d112,1,819,-0.03535156,6,6
135678a185474ee2984f0b6b9eb31d54,0,18941,-0.06701407,1,6
135678a185474ee2984f0b6b9eb31d54,1,3559,-0.07829978,4,5
13ade121714c46d6a028516ecb5bff60,0,22142,-0.00806524,1,6
13ade121714c46d6a028516ecb5bff60,1,358,0.02582621,0,5
13af3da0edf14bfb8fa9d62fb654b455,0,21505,-0.01408258,1,5
13af3da0edf14bfb8fa9d62fb654b455,1,995,0.04599700,0,0
13b194dc4afc49898db6ca0c7ae763be,0,21470,-0.00789616,1,6
13b194dc4afc49898db6ca0c7ae763be,1,1030,0.00595647,0,6
1430ffe6d28440239c2caebb6603a3b8,0,20148,-0.03811920,1,6
1430ffe6d28440239c2caebb6603a3b8,1,2352,0.02189317,4,6
14384b3ce9d243ce827bf0c1598dd35f,0,21140,0.02864835,1,5
14384b3ce9d243ce827bf0c1598dd35f,1,1360,0.07264166,4,5
144689dc04d74506a875106f2ff76d9e,0,21150,-0.04209113,1,5
144689dc04d74506a875106f2ff76d9e,1,1350,0.01448848,5,6
1477ef1a6a3b42daa70ac218e6f6c6f9,0,22036,-0.03955696,1,5
1477ef1a6a3b42daa70ac218e6f6c6f9,1,464,-0.02671887,6,6
148acc8b5751400c84ae272a96bf2bf7,0,21427,-0.05654463,1,6
148acc8b5751400c84ae272a96bf2bf7,1,1073,-0.06323161,0,0
14d8b49233574552ae43c6f49172ea16,0,22225,-0.02212838,1,6
14d8b49233574552ae43c6f49172ea16,1,275,-0.00609585,7,0
152db7f344954b7196402b92caa57e1c,0,21583,-0.03200183,1,6
152db7f344954b7196402b92caa57e1c,1,917,-0.08924297,5,6
15431766447f44178e7b96c3d56b9d41,0,21988,-0.04591777,1,5
15431766447f44178e7b96c3d56b9d41,1,512,0.01330170,0,6
15c4eff62cc644dc90c33f79b990aa8c,0,19558,-0.06551205,1,6
15c4eff62cc644dc90c33f79b990aa8c,1,2942,-0.06521119,4,6
160faaad600249d7ab8f95ee44648e6f,0,22288,-0.03291104,1,6
160faaad600249d7ab8f95ee44648e6f,1,212,0.11309077,3,0
16270c2e4ee142a69e9af1dfb1466867,0,21201,-0.03296414,1,6
16270c2e4ee142a69e9af1dfb1466867,1,1299,-0.04514245,6,0
1681134365dd40a898d032a3c3aa241c,0,20740,-0.03137425,1,6
1681134365dd40a898d032a3c3aa241c,1,1760,0.03695848,4,6
16ada52c6b734169879b2c296f5434d3,0,22125,-0.02930743,1,6
16ada52c6b734169879b2c296f5434d3,1,375,0.00362517,6,0
16b5e2757a4647ed97cd9f54f0c42e1c,0,21695,-0.03206917,1,6
16b5e2757a4647ed97cd9f54f0c42e1c,1,805,-0.02254421,6,6
1706522f269443fabab6ce98daf09d81,0,21258,-0.02548471,1,6
1706522f269443fabab6ce98daf09d81,1,1242,-0.07416894,6,6
170c222d8a514f258839c489fb48ff0f,0,20183,-0.01788184,1,5
170c222d8a514f258839c489fb48ff0f,1,2317,0.04557175,6,0
1734a670436946788e72ec8ce185957b,0,21745,-0.02476102,1,6
1734a670436946788e72ec8ce185957b,1,755,-0.06159781,7,6
178c06a23bbc4b0cb34a8708f48cf88c,0,21884,-0.03917824,1,6
178c06a23bbc4b0cb34a8708f48cf88c,1,616,-0.02014342,0,5
1794b5423be84d798ff953fff8307998,0,19654,-0.06476064,1,6
1794b5423be84d798ff953fff8307998,1,2846,-0.04299645,4,5
17d4c42103af4608a0d58cfbc2fbc849,0,21748,-0.03987127,1,6
17d4c42103af4608a0d58cfbc2fbc849,1,752,0.02016223,4,6
18039d7b1dc84a2fbb5efbaa84d66f6a,0,21701,-0.02017425,1,5
18039d7b1dc84a2fbb5efbaa84d66f6a,1,799,0.06559544,0,0
18165a3a72a2402fa154e2424769a7ee,0,21884,-0.02596922,1,6
18165a3a72a2402fa154e2424769a7ee,1,616,0.00418500,6,6
18cb702eec7543c9b7e3d951226e367d,0,22009,-0.04884985,1,5
18cb702eec7543c9b7e3d951226e367d,1,491,0.02475631,7,0
18e78a7dd0b04c8298a1a16c7bcc0493,0,22225,-0.02242696,1,6
18e78a7dd0b04c8298a1a16c7bcc0493,1,275,0.03778915,0,6
18f10858b2b1410f8485ffa35253033d,0,22224,-0.03142093,1,5
18f10858b2b1410f8485ffa35253033d,1,276,0.04658109,7,0
1963219c351f44e0b681cd17d63da72b,0,21656,-0.02938047,1,6
1963219c351f44e0b681cd17d63da72b,1,844,-0.00347645,0,6
1994ad9682bd4175b244af0be3e09417,0,22194,-0.00355162,1,6
1994ad9682bd4175b244af0be3e09417,1,306,-0.01494374,7,0
19eea651c57e43ebbade7c4b92a6e4da,0,21002,-0.04190574,1,6
19eea651c57e43ebbade7c4b92a6e4da,1,1498,-0.00080341,5,6
1a0f8e5b0cc248cd832716486455a257,0,22357,-0.02539062,1,6
1a0f8e5b0cc248cd832716486455a257,1,143,-0.02104505,3,0
1a4601bb2b674b819094ebb5ca797c61,0,21187,-0.03767943,1,6
1a4601bb2b674b819094ebb5ca797c61,1,1313,0.03374630,5,6
1aaff367ed174989b350fd40619b6f9a,0,21398,-0.02841526,1,6
1aaff367ed174989b350fd40619b6f9a,1,1102,-0.10262646,5,6
1afd654caa104e888ec4c74b60cb90ed,0,21585,-0.02922239,1,6
1afd654caa104e888ec4c74b60cb90ed,1,915,-0.06509913,6,6
1b3e964e30c8439ba9ba83d43948a558,0,22246,-0.03344986,1,6
1b3e964e30c8439ba9ba83d43948a558,1,254,-0.01016559,0,6
1b5b3c51ed21471a8940891917b0011e,0,21709,-0.02310887,1,6
1b5b3c51ed21471a8940891917b0011e,1,791,0.01148018,6,6
1bc82ad0d02243e580e628b9ad400fd6,0,22122,-0.04341386,1,6
1bc82ad0d02243e580e628b9ad400fd6,1,378,0.04931144,0,6
1bf0669e9da34c17a25a6362d8a3b3d1,0,22413,-0.01080042,1,6
1bf0669e9da34c17a25a6362d8a3b3d1,1,87,0.01570742,0,6
1c325d227d824b5ab9a4c859279ee0a1,0,21816,-0.04635089,1,6
1c325d227d824b5ab9a4c859279ee0a1,1,684,0.00683542,5,6
1c9469a9d1db45f99f95fbe9c0095087,0,21858,-0.02031828,1,6
1c9469a9d1db45f99f95fbe9c0095087,1,642,0.03386915,5,6
1d477a7c21784a98b2e6a9289a958fe2,0,22046,0.00750709,1,5
1d477a7c21784a98b2e6a9289a958fe2,1,454,-0.05654535,5,5
1d4e275d6ce248788f5c969226df903f,0,21508,-0.02893120,1,6
1d4e275d6ce248788f5c969226df903f,1,992,-0.00279656,6,6
1da9c46177344f4f9ebd3d15d199b785,0,21592,-0.04142660,1,6
1da9c46177344f4f9ebd3d15d199b785,1,908,-0.02423532,0,5
1db65e17354d4873bd22d3186e7dfcdf,0,22242,0.00456708,1,6
1db65e17354d4873bd22d3186e7dfcdf,1,258,0.04452886,0,5
1dbda647eacb4a389651aa07943143ea,0,22063,-0.04966674,1,5
1dbda647eacb4a389651aa07943143ea,1,437,0.05138828,0,5
1dfecb8189f54b999f4e47ddaa677fd0,0,21838,-0.03022614,1,5
1dfecb8189f54b999f4e47ddaa677fd0,1,662,0.05025742,0,5
1dffa2d447444bc89fa5c494f88aaa20,0,21575,-0.03396104,1,6
1dffa2d447444bc89fa5c494f88aaa20,1,925,-0.05389222,7,0
1e61acbc36cc415da7a6907b170109ad,0,21903,-0.03494718,1,6
1e61acbc36cc415da7a6907b170109ad,1,597,0.04367898,5,6
1f0a495a2b76420b9cadbc61723e1d46,0,21976,-0.03295049,1,5
1f0a495a2b76420b9cadbc61723e1d46,1,524,-0.00423682,2,6
1fa5506ca31d4174955140d2138db679,0,21484,-0.02790299,1,6
1fa5506ca31d4174955140d2138db679,1,1016,-0.04013450,5,6
20a68f4f6d5e46edb6c4d9e8321ced5b,0,21866,-0.03467779,1,5
20a68f4f6d5e46edb6c4d9e8321ced5b,1,634,0.01381438,6,6
20a871df4033487ab94d4d3b86f69af1,0,22500,-0.01809281,1,5
20fdb20b4ca148b9bca502ca7c196190,0,22007,-0.03586018,1,6
20fdb20b4ca148b9bca502ca7c196190,1,493,-0.01273777,4,6
211466503dcd4723bc58b9d3717ed3a8,0,21482,-0.00657355,1,5
211466503dcd4723bc58b9d3717ed3a8,1,1018,0.03404972,0,0
2128fc958907421ca888ab014a73348a,0,21085,-0.04335180,1,5
2128fc958907421ca888ab014a73348a,1,1415,-0.00456247,5,6
2140329a6990437aa46b83c30f49cf49,0,22401,-0.03338456,1,5
2140329a6990437aa46b83c30f49cf49,1,99,-0.03078246,7,0
215d8576b8d54ab08623ae6257359e71,0,21681,-0.03015971,1,6
215d8576b8d54ab08623ae6257359e71,1,819,-0.05827867,6,6
21658dc6c2164fe3a13b61d040b7731d,0,21770,-0.02651377,1,6
21658dc6c2164fe3a13b61d040b7731d,1,730,-0.00371332,6,6
219ea9af33d94b7a94e869d6192f018b,0,22077,-0.04484821,1,6
219ea9af33d94b7a94e869d6192f018b,1,423,-0.03814484,4,6
21af4cefe1704215b7adb957b63927c8,0,22086,-0.03392270,1,6
21af4cefe1704215b7adb957b63927c8,1,414,0.02089377,4,5
21e354a1dc9b42498ed1bb4b050bb2d9,0,21648,-0.04123306,1,6
21e354a1dc9b42498ed1bb4b050bb2d9,1,852,0.06122820,0,6
21e50bd8b149409a9791a74acf49a676,0,22305,-0.00400706,1,5
21e50bd8b149409a9791a74acf49a676,1,195,-0.01132879,3,6
21f333d5deb043bba7fe772ff5775b0e,0,21832,-0.03449053,1,5
21f333d5deb043bba7fe772ff5775b0e,1,668,-0.00359340,2,6
221c593dff9e429cb5e15139cc829c1c,0,22086,-0.04020775,1,6
221c593dff9e429cb5e15139cc829c1c,1,414,0.01576756,0,5
22a2197bfad742faa1c5cf8c1be1bc45,0,21722,-0.05103964,1,5
22a2197bfad742faa1c5cf8c1be1bc45,1,778,-0.00415792,4,5
2336902b0b8e46f2b824d9b0b85c33e8,0,21413,-0.02384004,1,6
2336902b0b8e46f2b824d9b0b85c33e8,1,1087,-0.05719161,6,0
23483c4baaa7430bbf98f997f50ad2df,0,21267,-0.02918973,1,6
23483c4baaa7430bbf98f997f50ad2df,1,1233,-0.06132959,6,6
23e7d17b256348638af3b2739b80a5ca,0,21725,-0.03456482,1,5
23e7d17b256348638af3b2739b80a5ca,1,775,-0.00276498,2,6
255cd0f1d034478aa395510f4181111f,0,22221,-0.01368299,1,6
255cd0f1d034478aa395510f4181111f,1,279,0.00202857,6,6
261cc24af3424327afbf4a848ebce1c8,0,22313,-0.03574405,1,6
261cc24af3424327afbf4a848ebce1c8,1,187,-0.00341245,0,5
261e4db3a18c4c23944f61bd6e51cf0c,0,22365,-0.03351256,1,6
261e4db3a18c4c23944f61bd6e51cf0c,1,135,0.01701389,0,5
264f7a3db349473c9032d9ee63b9b828,0,21772,-0.02652324,1,6
264f7a3db349473c9032d9ee63b9b828,1,728,-0.03762074,6,6
26ce0c76786c43158b3bac999b27e76b,0,21521,-0.04432957,1,6
26ce0c76786c43158b3bac999b27e76b,1,979,-0.05193753,6,6
271d30b5f00a4d5893549090c5dae1cc,0,21773,-0.02851342,1,6
271d30b5f00a4d5893549090c5dae1cc,1,727,0.07741255,5,6
27db2832d44144829b896d46b441f66c,0,21573,-0.03178931,1,6
27db2832d44144829b896d46b441f66c,1,927,-0.02656864,6,6
27e105e2c42b46479433c2d8df488f1d,0,21845,-0.01130165,1,6
27e105e2c42b46479433c2d8df488f1d,1,655,0.03819444,0,6
27f42a55215f4223a01afa79fcda72e6,0,21723,-0.03004391,1,6
27f42a55215f4223a01afa79fcda72e6,1,777,-0.00955175,0,5
2818d76fdbcf49029de0e316a26f8903,0,22168,-0.02717745,1,5
2818d76fdbcf49029de0e316a26f8903,1,332,-0.04208258,2,6
28285c367b2d468f850572ddcc7efac9,0,21836,-0.03625488,1,6
28285c367b2d468f850572ddcc7efac9,1,664,-0.00802072,5,6
28b11a54a9554bcab30d73ee193046b5,0,22385,-0.02720807,1,6
28b11a54a9554bcab30d73ee193046b5,1,115,-0.00341714,3,0
28d072daaeb44926a824bb2671878b68,0,21454,-0.02870383,1,6
28d072daaeb44926a824bb2671878b68,1,1046,-0.10024590,5,6
28d07d72b06a4355acbac00bf541d3d3,0,21995,-0.02941453,1,6
28d07d72b06a4355acbac00bf541d3d3,1,505,0.06583333,5,6
291d30843273487c96a7dc86f79a030f,0,21914,-0.02366972,1,6
291d30843273487c96a7dc86f79a030f,1,586,-0.06189156,7,6
291e7331922541cea98122b607d24831,0,21310,-0.02767479,1,6
291e7331922541cea98122b607d24831,1,1190,-0.08020897,5,6
29583d31207448f899bfbe4e7ce14db4,0,21860,-0.03557390,1,6
29583d31207448f899bfbe4e7ce14db4,1,640,0.02454897,6,6
296fcfbf2e29489699f1cb5631f38ff5,0,22276,-0.02784250,1,6
296fcfbf2e29489699f1cb5631f38ff5,1,224,0.08808769,0,0
298d59b27acb44e3b91aa8951b246488,0,22272,-0.02498314,1,6
298d59b27acb44e3b91aa8951b246488,1,228,0.09264076,0,0
2996dec1589e4dad840eb5801d27d255,0,21522,-0.04086413,1,5
2996dec1589e4dad840eb5801d27d255,1,978,0.01652698,0,0
29b8d47b841f44ce8216353f373ba2c3,0,21657,-0.02657579,1,6
29b8d47b841f44ce8216353f373ba2c3,1,843,-0.02205722,0,6
2a07391a099947f285e1801d1386abcc,0,21727,-0.01128428,1,5
2a07391a099947f285e1801d1386abcc,1,773,0.04359098,0,0
2b4bb1ecb2244264ba9043ee04854ac2,0,22184,-0.03014086,1,6
2b4bb1ecb2244264ba9043ee04854ac2,1,316,-0.00394906,3,0
2bb8324710ae4fb1a000cdf7f1eb253c,0,21474,-0.04439927,1,6
2bb8324710ae4fb1a000cdf7f1eb253c,1,1026,-0.04729167,5,6
2bdf0127a7094e3aabdf8be3f4670cb0,0,22293,-0.02469758,1,6
2bdf0127a7094e3aabdf8be3f4670cb0,1,207,0.03748891,5,6
2c1f8867c60b44f09ee37b5df1d1ad24,0,21870,-0.03487400,1,5
2c1f8867c60b44f09ee37b5df1d1ad24,1,630,0.00069357,6,6
2d11e1f994bb48b2b65f8fe2d28004c3,0,21666,-0.04675040,1,6
2d11e1f994bb48b2b65f8fe2d28004c3,1,834,-0.00724213,6,6
2d65df5368bf4e068e3cdf602c382c59,0,22061,-0.01181818,1,5
2d65df5368bf4e068e3cdf602c382c59,1,439,-0.02805812,6,6
2d72c60d65f84eae91bb4e5b2486b366,0,22218,-0.03430030,1,5
2d72c60d65f84eae91bb4e5b2486b366,1,282,0.05081859,7,0
2dc6dfa0bf9441f6a2397e7d4ec424ad,0,21879,-0.04490925,1,5
2dc6dfa0bf9441f6a2397e7d4ec424ad,1,621,-0.01648059,7,0
2e24381cb9434a89abd7f3eb1ed838b6,0,21555,-0.04675475,1,5
2e24381cb9434a89abd7f3eb1ed838b6,1,945,0.00046722,0,0
2e3374eb19ee46e09fd0fa90281fbc7d,0,22230,-0.05435400,1,6
2e3374eb19ee46e09fd0fa90281fbc7d,1,270,0.09430286,4,6
2e51aaf4465441dcbe22351087a62c46,0,21784,-0.02555600,1,6
2e51aaf4465441dcbe22351087a62c46,1,716,-0.07204173,7,6
2e74db7a04ef4ef49ec7f136a260a878,0,21946,-0.03706876,1,6
2e74db7a04ef4ef49ec7f136a260a878,1,554,0.02300766,0,6
2e8bed7f596949d2b8777b2a856c7194,0,22500,-0.01317415,1,5
2f207084f4794686be52b8fbbfa91f1f,0,21417,-0.01518540,1,6
2f207084f4794686be52b8fbbfa91f1f,1,1083,0.01398385,0,0
2f78ff9e41214edb9ad7152f20748bc0,0,21318,-0.03831279,1,6
2f78ff9e41214edb9ad7152f20748bc0,1,1182,0.00800723,5,6
2f91d61bf97f4268a488c6e33c6f0fba,0,21601,-0.03277582,1,6
2f91d61bf97f4268a488c6e33c6f0fba,1,899,-0.04894258,6,6
3013736d859c4ad7a60f6c2318279d7d,0,22184,-0.04496989,1,6
3013736d859c4ad7a60f6c2318279d7d,1,316,0.00591870,3,6
309dffeeb33c4319bfcd4fa9002d8667,0,22276,-0.02240697,1,6
309dffeeb33c4319bfcd4fa9002d8667,1,224,0.07959356,3,0
30a3c33a60914974bb3c6ad379b472f6,0,22082,-0.04360400,1,6
30a3c33a60914974bb3c6ad379b472f6,1,418,-0.02043735,4,6
30d4b68f9cd0430b96c3323e2f995425,0,21608,-0.03622363,1,6
30d4b68f9cd0430b96c3323e2f995425,1,892,0.07572355,0,0
30d93e4625f74b07a9966a5f8e9efa9e,0,21579,-0.04489087,1,6
30d93e4625f74b07a9966a5f8e9efa9e,1,921,0.00109548,0,6
30e55a3ec6184d8cb1944b39ba19d622,0,22365,0.02275170,1,6
30e55a3ec6184d8cb1944b39ba19d622,1,135,-0.03000581,7,5
3110b23f58fe4ae1a14daaa7f0f5fc8a,0,21807,-0.03306045,1,6
3110b23f58fe4ae1a14daaa7f0f5fc8a,1,693,0.02176667,5,6
31365e10d897470cbec3e920a49ce286,0,21375,-0.01901245,1,6
31365e10d897470cbec3e920a49ce286,1,1125,-0.07169449,6,6
317baff05fce4feaad06b5c706b026b2,0,21597,-0.03197033,1,6
317baff05fce4feaad06b5c706b026b2,1,903,0.00550275,6,6
31815eedcec04d4892ae361262825ded,0,22278,-0.03929674,1,5
31815eedcec04d4892ae361262825ded,1,222,-0.00901881,2,6
318791a3a2054db9a90bc6eba32795bf,0,21429,-0.02927021,1,6
318791a3a2054db9a90bc6eba32795bf,1,1071,-0.08703581,5,6
3244703f42ad431097b515e31a7bacf2,0,21482,-0.04849457,1,6
3244703f42ad431097b515e31a7bacf2,1,1018,0.01111227,0,5
3244a7f00d6c46e8aab77ed45d1af6d9,0,21624,-0.04447566,1,6
3244a7f00d6c46e8aab77ed45d1af6d9,1,876,0.02372716,6,6
32d941ca626c458381f13c0c7ab267b8,0,21568,-0.01221860,1,6
32d941ca626c458381f13c0c7ab267b8,1,932,-0.02140549,0,5
3334c156cbc4420ba1ff066094f0d1f2,0,19647,-0.06680571,1,6
3334c156cbc4420ba1ff066094f0d1f2,1,2853,-0.03879660,4,5
333b8e10454e4be1b6ea0a57ed25e3d5,0,21328,-0.04371229,1,6
333b8e10454e4be1b6ea0a57ed25e3d5,1,1172,-0.05226055,5,6
335da4966e3745dc845362f4c54eeae8,0,22284,-0.03295049,1,6
335da4966e3745dc845362f4c54eeae8,1,216,0.10377711,3,0
3387d937c3864cdcaf0454542ebaa961,0,21425,-0.03720714,1,6
3387d937c3864cdcaf0454542ebaa961,1,1075,-0.03397956,5,6
33acbf66274b49c8ae9ab2117919d5ac,0,19842,-0.02003484,1,6
33acbf66274b49c8ae9ab2117919d5ac,1,2658,0.03293996,6,0
33aebb17dcb14d24a5feb6f224ff1380,0,22389,-0.04180622,1,6
33aebb17dcb14d24a5feb6f224ff1380,1,111,0.05463020,4,5
33c050305be04c6489a4c61f09e40123,0,22088,-0.03150384,1,5
33c050305be04c6489a4c61f09e40123,1,412,-0.00805610,6,6
33c965ece87842c2ac898543d26dad5f,0,21218,-0.02997066,1,6
33c965ece87842c2ac898543d26dad5f,1,1282,-0.08137175,5,6
340a5f3d8c4d4f11ae02176c86bfbad8,0,21430,-0.02702744,1,6
340a5f3d8c4d4f11ae02176c86bfbad8,1,1070,-0.00166158,6,6
34cf97ab4d6b452d862ae6c8374f7ee9,0,21304,-0.04148201,1,6
34cf97ab4d6b452d862ae6c8374f7ee9,1,1196,-0.06856762,5,6
34dbd470ea9f457c974baa0bc2fc6173,0,22192,-0.04887892,1,6
34dbd470ea9f457c974baa0bc2fc6173,1,308,0.02218494,4,6
3502d36d2c76428f9b79f2854e96b696,0,21486,0.02228276,1,6
3502d36d2c76428f9b79f2854e96b696,1,1014,-0.01758329,5,6
3595d60fe23744e09831de917caf287a,0,21619,-0.03145052,1,6
3595d60fe23744e09831de917caf287a,1,881,-0.07414519,6,6
35e0ba93fe9d48f386b97d62bd78fbf7,0,21459,-0.03102803,1,6
35e0ba93fe9d48f386b97d62bd78fbf7,1,1041,0.05763536,4,6
35ef5018c85e4ccda8f36fb05a1d22f9,0,21885,-0.03453704,1,6
35ef5018c85e4ccda8f36fb05a1d22f9,1,615,0.04382551,6,6
360d200d524b44f1a4ee4c54d4fc8295,0,21700,-0.04823265,1,6
360d200d524b44f1a4ee4c54d4fc8295,1,800,0.06901280,5,6
3613b5ea52bc46d0966fede34be89d38,0,22176,-0.01915372,1,5
3613b5ea52bc46d0966fede34be89d38,1,324,0.01187472,0,0
3615d82e7e8546fea5f181157f42e30b,0,22245,-0.02571644,1,5
3615d82e7e8546fea5f181157f42e30b,1,255,-0.01178404,2,0
364828ce52784d7a8f1b6f586637e23a,0,21542,-0.02948340,1,6
364828ce52784d7a8f1b6f586637e23a,1,958,-0.07351485,5,6
36a7513f6dcc4705a802320c0eae008f,0,21780,-0.04806055,1,6
36a7513f6dcc4705a802320c0eae008f,1,720,0.03487347,0,6
371ea4a12b5d4785a1b0c95f288ffed4,0,21914,-0.02078070,1,6
371ea4a12b5d4785a1b0c95f288ffed4,1,586,0.07472665,5,6
374d00adb29b4991ad4c941344a8bb8d,0,21489,-0.05341089,1,6
374d00adb29b4991ad4c941344a8bb8d,1,1011,0.01488834,5,6
37c8d31c9ee74a07a68305297959da79,0,21745,-0.01372434,1,6
37c8d31c9ee74a07a68305297959da79,1,755,0.05890965,0,0
37d0faf82cdb4af1a3d85b18077ee1f8,0,21608,-0.05110462,1,5
37d0faf82cdb4af1a3d85b18077ee1f8,1,892,0.00013455,0,0
38d1b2de170947c487caf2075d8d1e6e,0,18827,-0.06807325,1,6
38d1b2de170947c487caf2075d8d1e6e,1,3673,-0.07582583,4,5
38f030fc7723490e98b3b40ba7d525f9,0,21487,-0.02701646,1,6
38f030fc7723490e98b3b40ba7d525f9,1,1013,-0.09771127,5,6
39118d2a1a9b459eadc2c2d28c7658d3,0,21779,-0.02784998,1,6
39118d2a1a9b459eadc2c2d28c7658d3,1,721,0.02278714,0,0
3947c3c1848e46c3849a1e178e2e728b,0,22342,-0.02425044,1,6
3947c3c1848e46c3849a1e178e2e728b,1,158,0.06464286,3,0
3954febdb9e84232a17173654dd728a4,0,21264,-0.01980891,1,6
3954febdb9e84232a17173654dd728a4,1,1236,-0.06651275,6,6
39961df49391439fbca612a8efe1c531,0,22144,-0.03044444,1,6
39961df49391439fbca612a8efe1c531,1,356,-0.05661395,4,6
399de82a68d24437980d200d3be092ad,0,21575,-0.04714142,1,6
399de82a68d24437980d200d3be092ad,1,925,0.01183821,0,5
39b08ab130fb49998f85ce1c977154ae,0,22345,-0.02035723,1,6
39b08ab130fb49998f85ce1c977154ae,1,155,0.04401316,0,6
39ca468b47a84e2aa946e4d6d08ed68f,0,18997,-0.06646033,1,6
39ca468b47a84e2aa946e4d6d08ed68f,1,3503,-0.07049808,4,5
3a2944162db44372a29c0f9c0f8aecb1,0,20383,-0.02939723,1,6
3a2944162db44372a29c0f9c0f8aecb1,1,2117,0.02199672,4,6
3a699bf9a53a4c17b008cb3d14bfe238,0,22426,-0.01557037,1,5
3a699bf9a53a4c17b008cb3d14bfe238,1,74,-0.01528988,2,6
3ac231a1ef4c481c9c15921cafa87307,0,20526,-0.00224735,1,5
3ac231a1ef4c481c9c15921cafa87307,1,1974,0.00574959,4,5
3ac754275f3747fa9b49da9c38dff909,0,22234,-0.02875337,1,6
3ac754275f3747fa9b49da9c38dff909,1,266,0.06633463,0,0
3acf2395a75643ddb86db4361bc04fd4,0,20779,-0.03151468,1,6
3acf2395a75643ddb86db4361bc04fd4,1,1721,0.02268013,6,6
3ad79c1436ab441795d4d73ae0b503d5,0,18951,-0.06671983,1,6
3ad79c1436ab441795d4d73ae0b503d5,1,3549,-0.07223167,4,5
3ae0f5d24198405a82bce2964fea6f03,0,21934,-0.02904823,1,6
3ae0f5d24198405a82bce2964fea6f03,1,566,0.05069167,5,5
3b17af9e8b604848b4ed8a701214b59c,0,22156,-0.02165856,1,5
3b17af9e8b604848b4ed8a701214b59c,1,344,0.02659347,0,0
3b73acef60a147bcb5c016203eac006c,0,22069,-0.00685465,1,6
3b73acef60a147bcb5c016203eac006c,1,431,0.05170660,0,5
3b86f8218554493f928b39824655872a,0,21199,0.02406433,1,6
3b86f8218554493f928b39824655872a,1,1301,0.02240795,6,6
3bb017b691c34f8f89985c0c2220ccec,0,21260,-0.00389800,1,5
3bb017b691c34f8f89985c0c2220ccec,1,1240,0.00177414,0,5
3bf56ebb22b741339967a95a9fbe2081,0,22327,-0.03776769,1,5
3bf56ebb22b741339967a95a9fbe2081,1,173,0.06357579,7,0
3c18f85f037744b6ae4c8a6f8dc578c2,0,21696,-0.02996406,1,5
3c18f85f037744b6ae4c8a6f8dc578c2,1,804,0.00206145,0,5
3cd58b932f704804bb329becbe42f829,0,21805,-0.04624033,1,5
3cd58b932f704804bb329becbe42f829,1,695,-0.01686800,4,5
3d2ce1b79d1c45e5b7db4f26f411bb86,0,22234,-0.03686451,1,5
3d2ce1b79d1c45e5b7db4f26f411bb86,1,266,-0.00128381,7,0
3d65380e1e2b470bbe0c944ecec05616,0,21587,-0.02906544,1,6
3d65380e1e2b470bbe0c944ecec05616,1,913,-0.00497463,5,6
3d71959327bc4d79a59a8efb0da21143,0,22208,-0.02748662,1,6
3d71959327bc4d79a59a8efb0da21143,1,292,0.06197302,5,6
3e37fbbea46d4234b6335cea76399e38,0,21649,-0.04525747,1,6
3e37fbbea46d4234b6335cea76399e38,1,851,-0.02360276,6,0
3e7bf19ac4f3459280bbbb4be635eb8d,0,21222,-0.03905383,1,5
3e7bf19ac4f3459280bbbb4be635eb8d,1,1278,0.01089442,0,5
3e991036257e4acda7cc1658dadd3e50,0,21676,-0.01671029,1,5
3e991036257e4acda7cc1658dadd3e50,1,824,0.06431058,0,0
3eb6673bad8c44e2853283d958a68ca0,0,21508,-0.02267540,1,6
3eb6673bad8c44e2853283d958a68ca0,1,992,0.02373205,0,0
3eef3752ea664087a0469a01cbf738a9,0,22416,-0.02199323,1,5
3eef3752ea664087a0469a01cbf738a9,1,84,0.03379171,0,0
3f0f0a0a049a48d4ba9c8253d432de1e,0,21533,-0.03509273,1,6
3f0f0a0a049a48d4ba9c8253d432de1e,1,967,0.04249679,4,6
3f2c294126dc4439986a9b76354b8422,0,21992,-0.03323784,1,6
3f2c294126dc4439986a9b76354b8422,1,508,0.00012316,4,5
3f3cf325418a4c8abb597fedf4088bd3,0,21118,-0.03293177,1,6
3f3cf325418a4c8abb597fedf4088bd3,1,1382,-0.01559362,6,0
3f4b0beb19874ac6b7daa0f59b714f69,0,21975,-0.02775330,1,5
3f4b0beb19874ac6b7daa0f59b714f69,1,525,-0.01015416,6,6
3f5fd35ad36646f8b718ec1416c70f7f,0,21944,-0.03471896,1,6
3f5fd35ad36646f8b718ec1416c70f7f,1,556,0.04158266,0,6
3fb21b1df59e43ab8b29d4a1ea9a0228,0,21777,-0.03276405,1,5
3fb21b1df59e43ab8b29d4a1ea9a0228,1,723,0.05379614,5,5
4070ae6b1ce047b5b0a3a5868f2dbd19,0,20905,-0.03468835,1,6
4070ae6b1ce047b5b0a3a5868f2dbd19,1,1595,-0.00141568,5,6
4094ae4656fb4b8fb1906192b24a34cb,0,21623,-0.02631661,1,6
4094ae4656fb4b8fb1906192b24a34cb,1,877,0.00491092,0,5
4176983e28014670b8d4599c5e70166a,0,21631,-0.04415653,1,6
4176983e28014670b8d4599c5e70166a,1,869,0.01147853,6,6
41c07e6847da41409c03671b7d88453e,0,21803,-0.03561453,1,6
41c07e6847da41409c03671b7d88453e,1,697,-0.01056250,6,6
4269e4e84cc04a44b26bf792f116148a,0,21480,-0.04969918,1,6
4269e4e84cc04a44b26bf792f116148a,1,1020,-0.03449948,0,5
4272663b99b043539b47c98745c5c747,0,21908,-0.03508663,1,6
4272663b99b043539b47c98745c5c747,1,592,0.11088821,5,6
42b6df359dab44a9942600fbcf14a929,0,21527,-0.04511759,1,5
42b6df359dab44a9942600fbcf14a929,1,973,0.04436664,0,0
42caac9a9e534bebbcd426684571e446,0,22242,-0.02510862,1,6
42caac9a9e534bebbcd426684571e446,1,258,0.02880693,0,0
4305999c65934df6b503ad4eb90f5648,0,21539,-0.02573052,1,5
4305999c65934df6b503ad4eb90f5648,1,961,0.05782817,0,0
437e94c4aec64c3681d691126c4e95bd,0,21900,-0.04019139,1,5
437e94c4aec64c3681d691126c4e95bd,1,600,0.07510052,5,6
43cfc03be6f842ae8942c995f8e3f2fb,0,22275,0.02834139,1,6
43cfc03be6f842ae8942c995f8e3f2fb,1,225,0.01440963,2,6
43f054bacd7c44c8848da9ad2c7bb1d0,0,21803,-0.04103842,1,6
43f054bacd7c44c8848da9ad2c7bb1d0,1,697,-0.02057053,4,5
43f05ac397484672b9bdf86dcc0b0289,0,19408,-0.00746722,1,5
43f05ac397484672b9bdf86dcc0b0289,1,3092,0.00914461,4,5
440a528da74b42f19d46b648a3a6eccb,0,22229,-0.02530495,1,6
440a528da74b42f19d46b648a3a6eccb,1,271,0.02225252,0,0
4483f3a6e27e401cac5cbea3035e3ff2,0,22177,-0.02997685,1,6
4483f3a6e27e401cac5cbea3035e3ff2,1,323,-0.03608631,4,6
44a22e08d57b40d4bf7077a060741383,0,22200,-0.02879025,1,6
44a22e08d57b40d4bf7077a060741383,1,300,0.02031411,5,6
44a799dcf8cd4393aaa748e1bcd96d58,0,22327,-0.01160326,1,5
44a799dcf8cd4393aaa748e1bcd96d58,1,173,0.00895633,0,0
4523fb98c35940f1a47555072262965d,0,21852,-0.02407787,1,6
4523fb98c35940f1a47555072262965d,1,648,-0.04457138,5,6
453118c5050748d3939e45666ff915f3,0,21822,-0.03498223,1,6
453118c5050748d3939e45666ff915f3,1,678,0.07453704,0,6
45761bf806734f8188b9b9297f76afc7,0,21852,-0.02830243,1,5
45761bf806734f8188b9b9297f76afc7,1,648,0.00443171,6,0
458b0a25e52c42d7b581259bb164d952,0,21299,-0.02544301,1,6
458b0a25e52c42d7b581259bb164d952,1,1201,-0.06442134,6,6
459ac79bafdf4b88913f981c1fa71b2c,0,22299,-0.01199262,1,6
459ac79bafdf4b88913f981c1fa71b2c,1,201,-0.01041361,0,6
45a4f3c2a8a44161bf74a0de34aff804,0,22498,-0.02831946,1,5
45a4f3c2a8a44161bf74a0de34aff804,1,2,0.00859321,2,6
4635c393dbdc4aa589b221fad153d427,0,22074,-0.02555504,1,5
4635c393dbdc4aa589b221fad153d427,1,426,0.00481139,2,0
46a4a199e44544018017be7434e46fc8,0,21509,-0.03466844,1,6
46a4a199e44544018017be7434e46fc8,1,991,0.06417248,5,5
46ebd62b01cc490dad29643ee1fa4630,0,21945,-0.03259255,1,6
46ebd62b01cc490dad29643ee1fa4630,1,555,-0.01392817,4,6
475a324f563849cab9623619073fdf81,0,20026,-0.05587838,1,5
475a324f563849cab9623619073fdf81,1,2474,-0.01653209,4,5
47972c339c9f4654baa9bc8d7143cf40,0,21561,-0.03398618,1,6
47972c339c9f4654baa9bc8d7143cf40,1,939,0.03491420,0,0
480ea4e6cd7b4fc7b46ace2b8001fd19,0,22278,-0.04069640,1,5
480ea4e6cd7b4fc7b46ace2b8001fd19,1,222,-0.01411887,2,6
489b2a7292e44820beddb31d988a97c5,0,21918,-0.00645773,1,6
489b2a7292e44820beddb31d988a97c5,1,582,0.04057018,0,6
489c1b82dd654bc78cd900b93a644bab,0,22041,-0.02493829,1,6
489c1b82dd654bc78cd900b93a644bab,1,459,0.01553239,5,6
48b1256f422e40b5ae33280340e71fd4,0,19016,-0.06639388,1,6
48b1256f422e40b5ae33280340e71fd4,1,3484,-0.07776217,4,5
493effd2c5cb494792b5f1c64cb01050,0,22230,-0.03389629,1,6
493effd2c5cb494792b5f1c64cb01050,1,270,0.11203367,0,6
49409214fe454b018d05c8d839b35159,0,21716,-0.03437341,1,5
49409214fe454b018d05c8d839b35159,1,784,0.01702565,0,0
49ceba17e48d41f08da1c994618f84da,0,22188,-0.03511079,1,6
49ceba17e48d41f08da1c994618f84da,1,312,0.05005841,5,6
4a1972f8731b4cdea40fc69a38a735b1,0,22237,-0.02246276,1,6
4a1972f8731b4cdea40fc69a38a735b1,1,263,-0.07343320,7,6
4a4e46dbe41848b8a2b1d82107b6c24c,0,22329,-0.02774151,1,6
4a4e46dbe41848b8a2b1d82107b6c24c,1,171,0.03790223,3,0
4a6ff8aab9b5409c896220d70391d32c,0,18973,-0.06689531,1,6
4a6ff8aab9b5409c896220d70391d32c,1,3527,-0.07027693,4,5
4ac8bb201c7f44cfad407f00d3b18c4d,0,21412,-0.03039989,1,6
4ac8bb201c7f44cfad407f00d3b18c4d,1,1088,-0.10017846,5,6
4ada511e868c4d5dbeae60cf54f19987,0,18916,-0.06719249,1,6
4ada511e868c4d5dbeae60cf54f19987,1,3584,-0.07654020,4,5
4b2432efe87841efb4539660defeb601,0,21781,-0.04013930,1,6
4b2432efe87841efb4539660defeb601,1,719,0.00122391,0,5
4b37030f3df847aa97027cfb887be058,0,22361,-0.01753049,1,6
4b37030f3df847aa97027cfb887be058,1,139,0.00876003,5,0
4b65f133505445c7a2425c44b0a2f46f,0,22259,-0.02594205,1,5
4b65f133505445c7a2425c44b0a2f46f,1,241,0.00162602,2,0
4b791411187e47689f7259a9b4d4c54f,0,22380,-0.02877007,1,6
4b791411187e47689f7259a9b4d4c54f,1,120,0.01979850,3,0
4bf4a32aa6e14ed890fcf8a860ad9289,0,22357,-0.02982191,1,6
4bf4a32aa6e14ed890fcf8a860ad9289,1,143,0.02508520,3,0
4c09b689ef784800b1fa3dc3178dadd5,0,21513,-0.04656187,1,6
4c09b689ef784800b1fa3dc3178dadd5,1,987,-0.05807061,6,6
4c5a8356ea1741548238807ba41235d3,0,22387,-0.02776857,1,6
4c5a8356ea1741548238807ba41235d3,1,113,0.06927857,3,0
4c687bbe18104da1b9eef242d5abbe6b,0,21758,-0.02890508,1,6
4c687bbe18104da1b9eef242d5abbe6b,1,742,-0.04043142,0,0
4c81b06a19fc4cbaa52987841cdf57d4,0,21729,-0.03754779,1,6
4c81b06a19fc4cbaa52987841cdf57d4,1,771,0.04344143,6,6
4c9136c0583844ed811553620dc0acd1,0,18926,-0.06722829,1,6
4c9136c0583844ed811553620dc0acd1,1,3574,-0.07538855,4,5
4c9fcbb0f3594f19a091b7fbd5bc37a5,0,21283,-0.02941658,1,6
4c9fcbb0f3594f19a091b7fbd5bc37a5,1,1217,-0.06084071,6,6
4cc51c689de24808a1f61ac7d386ad38,0,19162,-0.06753555,1,6
4cc51c689de24808a1f61ac7d386ad38,1,3338,-0.07916355,4,5
4cd21f4d2a00448c9efe4d81a6e35891,0,21887,-0.03383702,1,6
4cd21f4d2a00448c9efe4d81a6e35891,1,613,-0.07513046,5,6
4d6ac5421dca40d18e5e0ff8e3e71803,0,21483,-0.02786536,1,6
4d6ac5421dca40d18e5e0ff8e3e71803,1,1017,-0.09383869,6,6
4d85541c5f204e359d63ed2b9db1ec97,0,21620,-0.01244784,1,5
4d85541c5f204e359d63ed2b9db1ec97,1,880,0.04179822,0,0
4de1ba6d551f4b499f4c7c45e70e4e9c,0,22125,-0.02697498,1,5
4de1ba6d551f4b499f4c7c45e70e4e9c,1,375,-0.02900710,2,6
4de7963785f34de7afb9e5aae3ce6f9f,0,22213,-0.03767730,1,5
4de7963785f34de7afb9e5aae3ce6f9f,1,287,-0.03332647,2,6
4de831d46edf46d084ac2cecf682b11a,0,21166,-0.04425676,1,5
4de831d46edf46d084ac2cecf682b11a,1,1334,-0.01831841,5,6
4de8eecdc3da442d84acc0289e237aa0,0,21888,-0.03933087,1,6
4de8eecdc3da442d84acc0289e237aa0,1,612,0.06948043,5,6
4e9c011236e64ac3876e8ae12290b881,0,20058,-0.05910879,1,6
4e9c011236e64ac3876e8ae12290b881,1,2442,-0.03920455,4,5
4ea42d9dcb2548658a950769437f108b,0,21064,-0.03937533,1,5
4ea42d9dcb2548658a950769437f108b,1,1436,-0.04035585,5,6
4ef7c8c891a84b9eb030f12e1c07830f,0,19075,-0.06717597,1,6
4ef7c8c891a84b9eb030f12e1c07830f,1,3425,-0.07717554,4,5
4f38413567d14272b4fc9c89cd8405f3,0,20898,-0.03473420,1,6
4f38413567d14272b4fc9c89cd8405f3,1,1602,0.02900858,6,6
4f9ad42bb4a24970b770ba0a87baf47a,0,21792,-0.02268195,1,6
4f9ad42bb4a24970b770ba0a87baf47a,1,708,-0.01225329,0,0
4fa6e380731d4819bc404bcf38240a90,0,21588,-0.03228673,1,6
4fa6e380731d4819bc404bcf38240a90,1,912,-0.03045295,6,6
4ffdd34156524df380cddc090dcadc7d,0,21622,-0.02197911,1,6
4ffdd34156524df380cddc090dcadc7d,1,878,-0.04847665,5,6
5055836aac474532a48edd8a0b35dcea,0,21680,-0.01773408,1,6
5055836aac474532a48edd8a0b35dcea,1,820,0.01250579,6,6
5099c82438074d8885298bbf6d635a54,0,21184,-0.04095413,1,6
5099c82438074d8885298bbf6d635a54,1,1316,-0.04038162,5,6
50f8b4a1ce354890bcf834658cbb9e80,0,21526,-0.03681718,1,6
50f8b4a1ce354890bcf834658cbb9e80,1,974,0.04551705,5,6
511bbef91402409aa45e8e0831320dc8,0,21359,-0.04580785,1,6
511bbef91402409aa45e8e0831320dc8,1,1141,-0.03609610,0,5
512673efdbec4c8e9031749bbf49d66b,0,22211,-0.04850704,1,6
512673efdbec4c8e9031749bbf49d66b,1,289,0.10809975,0,6
516b9a77ea874a59b252ed2fa1a5d662,0,21709,-0.04258497,1,6
516b9a77ea874a59b252ed2fa1a5d662,1,791,-0.00709629,6,6
51f37263b06c417e94138f2d9348f909,0,21792,0.02681813,1,5
51f37263b06c417e94138f2d9348f909,1,708,0.02563275,0,5
51f7ea7d3e4e42dfaf183dbe9996f1fb,0,21903,-0.04271867,1,5
51f7ea7d3e4e42dfaf183dbe9996f1fb,1,597,-0.01583701,2,6
5224809ffef94a6e83454ad3930d3533,0,21707,-0.03020577,1,5
5224809ffef94a6e83454ad3930d3533,1,793,0.01429521,0,5
524b696fedac43d68c6fb94db5d56b1f,0,21673,-0.03321228,1,6
524b696fedac43d68c6fb94db5d56b1f,1,827,-0.05435697,6,6
5254163f8fcd4362b6019bbb88dc13ec,0,22378,-0.02262977,1,5
5254163f8fcd4362b6019bbb88dc13ec,1,122,0.04514673,0,0
52592f70fce143e59b44da5e2ad06134,0,22366,-0.03316652,1,6
52592f70fce143e59b44da5e2ad06134,1,134,0.00114691,0,5
52da22258bc84e8abf45484ab1a866c2,0,21490,-0.02817548,1,6
52da22258bc84e8abf45484ab1a866c2,1,1010,-0.06921785,6,6
530efca94dbc4f8e8c11a39a194be844,0,21535,-0.04372780,1,6
530efca94dbc4f8e8c11a39a194be844,1,965,0.03602285,0,6
535df95779264920b562e90fd3bcb179,0,21427,-0.03731580,1,6
535df95779264920b562e90fd3bcb179,1,1073,-0.06905080,6,6
538bf42677d74c568c25ba4a4fb7a7ee,0,21663,-0.02554910,1,6
538bf42677d74c568c25ba4a4fb7a7ee,1,837,-0.06200150,6,0
5406def86e684bd5b01b2499c6e8670f,0,21741,-0.03643337,1,6
5406def86e684bd5b01b2499c6e8670f,1,759,-0.02183917,4,5
5441646ff9c54d4a90fc1d7f4256072c,0,20765,-0.04039256,1,6
5441646ff9c54d4a90fc1d7f4256072c,1,1735,0.00044620,5,6
546331c0e0564a5490d699d01497c769,0,21667,-0.04295857,1,6
546331c0e0564a5490d699d01497c769,1,833,-0.00483708,6,6
5484714099f84b6c90d7db7fa8673073,0,21341,-0.02916101,1,6
5484714099f84b6c90d7db7fa8673073,1,1159,-0.08143068,5,6
54dd93feb4b34fc4b57470531bd79ff5,0,22424,-0.01574945,1,6
54dd93feb4b34fc4b57470531bd79ff5,1,76,-0.05145958,3,6
5512cfa9df6842f89062f97cdefa378d,0,22059,-0.00452225,1,6
5512cfa9df6842f89062f97cdefa378d,1,441,0.02886373,7,0
552970375d5149e48d5667698a692ed6,0,21882,-0.04465122,1,6
552970375d5149e48d5667698a692ed6,1,618,0.03870154,0,6
56a8812e2fae4b13960c853cebe58374,0,22500,-0.00636874,1,6
56b65b676c4a4afba934a7dabb979add,0,21870,-0.02410803,1,6
56b65b676c4a4afba934a7dabb979add,1,630,0.00064969,5,6
56bd8adb5d1d429eae2c17166e16566c,0,21336,-0.04152542,1,6
56bd8adb5d1d429eae2c17166e16566c,1,1164,0.03388956,6,6
56d2e0f573584ba1bb3446b1e0573fc7,0,21496,-0.04973724,1,6
56d2e0f573584ba1bb3446b1e0573fc7,1,1004,-0.06273364,0,6
56e7460943344e33a5a657313541065e,0,21660,-0.03314765,1,6
56e7460943344e33a5a657313541065e,1,840,0.03037431,5,6
56f30b8972084492bbe742d423fc00ff,0,21643,-0.02712531,1,6
56f30b8972084492bbe742d423fc00ff,1,857,-0.00145672,0,5
573172be3eda4aae94e875fe4403c57b,0,21431,-0.03506981,1,6
573172be3eda4aae94e875fe4403c57b,1,1069,-0.03614349,5,6
57417521864243b8877733aa6b372276,0,22332,-0.02815217,1,6
57417521864243b8877733aa6b372276,1,168,0.04228642,3,0
574f695ae8e34f9fa1b0bf1d1e4f409f,0,21785,-0.04411232,1,6
574f695ae8e34f9fa1b0bf1d1e4f409f,1,715,-0.01284171,4,5
575d8e57b2de436b805fd6befde3edd7,0,22280,-0.02806342,1,5
575d8e57b2de436b805fd6befde3edd7,1,220,-0.03527855,7,0
5773ef9bc8e34db3807a93b61a8354b2,0,20631,-0.05325097,1,5
5773ef9bc8e34db3807a93b61a8354b2,1,1869,0.01665080,4,5
57f23d2f55e6455696c6d3cc70a4f501,0,21555,0.00355400,1,6
57f23d2f55e6455696c6d3cc70a4f501,1,945,0.02054421,0,6
57f43a802933455389ec31a2a16c551f,0,20783,-0.03033646,1,6
57f43a802933455389ec31a2a16c551f,1,1717,-0.00048004,6,0
583aa03b8674496fbe5155131d81a121,0,19545,-0.06520306,1,6
583aa03b8674496fbe5155131d81a121,1,2955,-0.06027821,4,5
58470b43cd034f61b9aa7e1b5ce78221,0,18900,-0.06781632,1,6
58470b43cd034f61b9aa7e1b5ce78221,1,3600,-0.07453913,4,5
58b9fd4376c741b3ad035aec9bef660d,0,22325,-0.02429639,1,6
58b9fd4376c741b3ad035aec9bef660d,1,175,0.07708648,3,0
58f2acc01a7047e29ef781b5f4f649ba,0,18980,-0.06628989,1,6
58f2acc01a7047e29ef781b5f4f649ba,1,3520,-0.06987253,4,5
590ad386f23448a4bf080d90df09ed84,0,21869,-0.03391140,1,6
590ad386f23448a4bf080d90df09ed84,1,631,0.01984797,4,6
592b90b824a6431b9e5aedcd5d4e871b,0,21547,-0.03181226,1,6
592b90b824a6431b9e5aedcd5d4e871b,1,953,-0.02323575,6,6
594881e10bca4f689d5a6b97ab3d763d,0,21688,-0.03799460,1,5
594881e10bca4f689d5a6b97ab3d763d,1,812,-0.00500697,2,6
59707069a9df4e9ebe61a1c3df5bdfa5,0,22090,-0.04084507,1,5
59707069a9df4e9ebe61a1c3df5bdfa5,1,410,-0.00341085,0,5
5973a055a6ac40e9934cfce8afa82fbe,0,22217,-0.01305630,1,6
5973a055a6ac40e9934cfce8afa82fbe,1,283,0.01010093,7,0
598577bba885458ab795d0347ff02dcb,0,20462,-0.04396045,1,6
598577bba885458ab795d0347ff02dcb,1,2038,0.02671417,4,5
5a54a45e59ad48cab7213ff7d1828f3c,0,21828,-0.03274665,1,6
5a54a45e59ad48cab7213ff7d1828f3c,1,672,-0.04166667,6,6
5aa5555debb94e988b4eb8d8ff26c8da,0,21199,-0.03668200,1,6
5aa5555debb94e988b4eb8d8ff26c8da,1,1301,0.04584517,5,6
5abd3d15e63c44a8a8189a6e70a496ef,0,22301,-0.01123867,1,5
5abd3d15e63c44a8a8189a6e70a496ef,1,199,-0.00982063,0,5
5ad38eb017f34421828852889c7dd9d7,0,21548,-0.02910830,1,6
5ad38eb017f34421828852889c7dd9d7,1,952,0.00524759,0,6
5b360c6fe72d497185ef502483f1ac68,0,22219,-0.02167245,1,6
5b360c6fe72d497185ef502483f1ac68,1,281,0.05621989,0,6
5b3ffd92b67b4a48b283d63736298bae,0,21976,-0.03192935,1,6
5b3ffd92b67b4a48b283d63736298bae,1,524,-0.00724884,4,6
5b8b618c3f9e481bb8522d9900d74f20,0,21146,-0.03419371,1,6
5b8b618c3f9e481bb8522d9900d74f20,1,1354,-0.02876958,5,6
5b8bccc502224cbd82d1cf9e511a35c0,0,21679,-0.03019560,1,6
5b8bccc502224cbd82d1cf9e511a35c0,1,821,-0.00314701,0,0
5bbb8e5b260a4a13870b0239bbd764b4,0,21676,-0.04833597,1,6
5bbb8e5b260a4a13870b0239bbd764b4,1,824,0.00831680,6,6
5bbe677b299143128aa0492add6b28cf,0,21725,-0.02561227,1,6
5bbe677b299143128aa0492add6b28cf,1,775,-0.00098577,0,0
5bc6ae14c495473495ad8585b8eee2c6,0,22032,-0.02668839,1,6
5bc6ae14c495473495ad8585b8eee2c6,1,468,0.07806043,0,6
5bd85334fdf94fb99c7eaa45d5feba0d,0,22195,-0.04154930,1,5
5bd85334fdf94fb99c7eaa45d5feba0d,1,305,0.02423859,0,0
5bea7ebf706d4a5c906769ca8de1be22,0,21332,-0.02307539,1,6
5bea7ebf706d4a5c906769ca8de1be22,1,1168,-0.05087492,5,6
5c37942981a148418ea05430a44cfa7e,0,22122,-0.02993509,1,6
5c37942981a148418ea05430a44cfa7e,1,378,0.01282082,3,0
5c925e480ce5437eb6d362105100c760,0,21970,-0.04160714,1,6
5c925e480ce5437eb6d362105100c760,1,530,0.07718945,0,0
5c9f496ba0904ac0a2a62c138dd627f2,0,21525,-0.02655565,1,6
5c9f496ba0904ac0a2a62c138dd627f2,1,975,-0.04140061,7,6
5cc2771df19d430ba979bf4d4bed98f3,0,21074,-0.03696203,1,6
5cc2771df19d430ba979bf4d4bed98f3,1,1426,0.01331522,4,6
5d413e8d6a4648a7bcb091f7e362a3fe,0,21818,-0.04058890,1,5
5d413e8d6a4648a7bcb091f7e362a3fe,1,682,-0.00607229,7,0
5dd248af969c406f9812c24fe4498974,0,22317,-0.03662933,1,5
5dd248af969c406f9812c24fe4498974,1,183,0.00552285,2,6
5dd954d0ac0242a990ba35eef950c937,0,21531,-0.03373815,1,6
5dd954d0ac0242a990ba35eef950c937,1,969,-0.03212946,6,6
5df2a6893bba4d95a022484887d90a09,0,20869,-0.04487269,1,6
5df2a6893bba4d95a022484887d90a09,1,1631,0.01108948,6,6
5dfdf5c61f95420f89b53d65fb28e6cd,0,22341,-0.02740056,1,5
5dfdf5c61f95420f89b53d65fb28e6cd,1,159,0.04981638,0,0
5e02eaf4ff1343fe81ba6a0206a4556e,0,21516,-0.02521718,1,6
5e02eaf4ff1343fe81ba6a0206a4556e,1,984,-0.02916768,6,6
5e1b05017a3a445a9a6d958b35d7878b,0,21369,-0.02541462,1,6
5e1b05017a3a445a9a6d958b35d7878b,1,1131,-0.05954588,6,6
5e80e020aacb406fad737926aeadbb30,0,21788,-0.00271644,1,5
5e80e020aacb406fad737926aeadbb30,1,712,-0.02015336,6,6
5e8e717247d143a3aa8c3239af723a9f,0,22342,-0.00210235,1,6
5e8e717247d143a3aa8c3239af723a9f,1,158,0.01412425,0,0
5ea654e6b56a457093b835dbf8c886e4,0,21788,-0.02266163,1,6
5ea654e6b56a457093b835dbf8c886e4,1,712,-0.01347028,0,0
5eb775d7b9534e82971c5c435fbfa116,0,21794,-0.02000584,1,6
5eb775d7b9534e82971c5c435fbfa116,1,706,-0.00415017,5,6
5ee110d014374ae093565bba2e81a3fd,0,22500,-0.01151495,1,5
5eeaeb688f274b839865198f96968bb5,0,21468,-0.02791381,1,6
5eeaeb688f274b839865198f96968bb5,1,1032,-0.08302498,6,6
5f2b89acd9c34488af6c4419f10703de,0,21930,-0.02750935,1,6
5f2b89acd9c34488af6c4419f10703de,1,570,0.04490636,5,6
5f52fc6688cd4b098799012ee6a04875,0,22029,-0.02330119,1,5
5f52fc6688cd4b098799012ee6a04875,1,471,0.00757554,6,0
5f5ac842d0d74e9f9ef0a3afdac54f16,0,20435,-0.03247032,1,6
5f5ac842d0d74e9f9ef0a3afdac54f16,1,2065,0.03109177,4,6
5f610345cd6841f2afef4769153b5fe5,0,21586,-0.00835773,1,6
5f610345cd6841f2afef4769153b5fe5,1,914,-0.02187247,0,5
5f9f62e4f6e24518b7796a725ca4e1af,0,19988,-0.05627020,1,6
5f9f62e4f6e24518b7796a725ca4e1af,1,2512,-0.00587834,4,5
5fd5c3f8e4c54137a3bbb794ae4dc9e7,0,21710,-0.03411048,1,6
5fd5c3f8e4c54137a3bbb794ae4dc9e7,1,790,-0.00219854,6,6
60295bae6e734e05bfe898717e439336,0,21778,-0.04545756,1,6
60295bae6e734e05bfe898717e439336,1,722,-0.03832493,6,6
60b030bb34284a13b557e1109c3c7e03,0,22490,-0.03092632,1,6
60b030bb34284a13b557e1109c3c7e03,1,10,-0.02167443,7,5
60c3c142d1624a9e9633a619e3aeed35,0,22491,-0.04331772,1,5
60c3c142d1624a9e9633a619e3aeed35,1,9,-0.02017079,7,5
611ea36ff17946968fb4231c46485239,0,21714,-0.03407966,1,6
611ea36ff17946968fb4231c46485239,1,786,-0.00915396,6,6
613616256c904184b32ec44c23262340,0,22258,-0.03490187,1,5
613616256c904184b32ec44c23262340,1,242,-0.00600756,2,6
618875a2d6724584917e6be29329d8ac,0,22344,-0.02445833,1,6
618875a2d6724584917e6be29329d8ac,1,156,0.05070755,3,0
619376b327d04e7d9d28d9f73049bded,0,22146,-0.05233333,1,6
619376b327d04e7d9d28d9f73049bded,1,354,0.00606182,4,6
61db69a026d34c558f0ab0321f0886f8,0,21780,-0.04222041,1,5
61db69a026d34c558f0ab0321f0886f8,1,720,0.01108428,7,0
61e91a0c66ce42bb8aabdeb3376ecd00,0,21746,-0.03505407,1,6
61e91a0c66ce42bb8aabdeb3376ecd00,1,754,0.03439036,5,6
61f89208546a4045af336659ebe8db05,0,22221,-0.03480047,1,5
61f89208546a4045af336659ebe8db05,1,279,0.06590839,0,0
621ecaf28ab34822b8747831b42f8524,0,22126,-0.04213730,1,6
621ecaf28ab34822b8747831b42f8524,1,374,0.06382551,5,6
6253275961a54201b8ef78b33bb0a5b4,0,21805,-0.03391734,1,5
6253275961a54201b8ef78b33bb0a5b4,1,695,0.04980386,6,6
6266da959bc344e899c96c338f0fe9dd,0,21383,-0.04944272,1,6
6266da959bc344e899c96c338f0fe9dd,1,1117,-0.04436200,0,5
6269703390624957869e9bc071f16e17,0,22381,-0.01985733,1,6
6269703390624957869e9bc071f16e17,1,119,0.00972553,0,0
628c96914ad34014915156b194667c7c,0,21763,-0.03394914,1,6
628c96914ad34014915156b194667c7c,1,737,0.05202793,0,6
62eaf35b2e0b447887cd34098f4013b3,0,22272,-0.05052889,1,6
62eaf35b2e0b447887cd34098f4013b3,1,228,0.10250000,0,0
635a497de08c49a293188a2b04b213b3,0,20374,-0.01528694,1,6
635a497de08c49a293188a2b04b213b3,1,2126,0.05989814,4,6
6382c18ecfe44ffaa22119c94be8f02a,0,21874,-0.03414207,1,5
6382c18ecfe44ffaa22119c94be8f02a,1,626,0.01368945,7,0
6409f6f3378044b4bb58446424d74a1a,0,21584,-0.03650784,1,6
6409f6f3378044b4bb58446424d74a1a,1,916,-0.03078747,6,6
643fd673548742478264ceefd6e82bea,0,22195,-0.01558148,1,5
643fd673548742478264ceefd6e82bea,1,305,0.03946776,0,0
64701483680a4d8eae3c8276b611d8d5,0,22063,-0.04742173,1,6
64701483680a4d8eae3c8276b611d8d5,1,437,0.06584718,0,5
649a61c361bf48d98b5f280cc10aa006,0,20305,-0.03802826,1,6
649a61c361bf48d98b5f280cc10aa006,1,2195,0.02977911,4,6
64aaf542297f46b6ba74022b00d92a08,0,22237,-0.05203542,1,6
64aaf542297f46b6ba74022b00d92a08,1,263,0.09380235,0,6
656ec137f292487fb7685d39dc162b03,0,21897,-0.04085409,1,6
656ec137f292487fb7685d39dc162b03,1,603,0.03572845,0,6
665cf9ea96fb4782b1193025868b4670,0,22064,-0.04445906,1,6
665cf9ea96fb4782b1193025868b4670,1,436,0.05704811,0,5
665dd2fd9b42435fbc976a96d896b2b2,0,22022,-0.03870033,1,6
665dd2fd9b42435fbc976a96d896b2b2,1,478,-0.00437137,0,5
6664e576015845e185dc931f83c14c98,0,21915,-0.02803794,1,6
6664e576015845e185dc931f83c14c98,1,585,0.05926832,6,0
668349dd12da4e1fa5d777634af88c32,0,21541,-0.03980263,1,6
668349dd12da4e1fa5d777634af88c32,1,959,0.08378445,0,6
66844d48bb9c4c5b9d9aa715c6c668a6,0,20124,-0.01862808,1,6
66844d48bb9c4c5b9d9aa715c6c668a6,1,2376,0.03892148,6,0
66a72398011045e0b6f48e58768ea117,0,20781,-0.04842373,1,5
66a72398011045e0b6f48e58768ea117,1,1719,0.03616498,0,5
66bd5bc1ef584d849b87f08b78e3beef,0,21493,-0.03262297,1,6
66bd5bc1ef584d849b87f08b78e3beef,1,1007,-0.04371472,6,6
670c160e6af24e7c8a8dc34aae1e3a1c,0,22126,-0.03080516,1,6
670c160e6af24e7c8a8dc34aae1e3a1c,1,374,0.01899898,3,0
67aad7ad948f44f8af668ea8389bdd52,0,20029,-0.01586788,1,6
67aad7ad948f44f8af668ea8389bdd52,1,2471,0.02706681,6,0
67ba4f47714b4edc85b1a4fff64f27f3,0,21797,-0.02864452,1,6
67ba4f47714b4edc85b1a4fff64f27f3,1,703,-0.01601264,5,6
67d2d74087714e4994a68c7347acf55a,0,21967,0.01773932,1,6
67d2d74087714e4994a68c7347acf55a,1,533,0.08408839,0,6
684acda1d78c4a959762df565cba29f5,0,22487,-0.02041827,1,5
684acda1d78c4a959762df565cba29f5,1,13,-0.09588920,7,6
68b7cbe911ee40f9a00ff8affbfb88ab,0,22257,-0.03188946,1,6
68b7cbe911ee40f9a00ff8affbfb88ab,1,243,0.08071938,3,0
68ecb2433f654422a7567d9f349c0708,0,21602,-0.01945849,1,5
68ecb2433f654422a7567d9f349c0708,1,898,0.00527217,0,0
690c4ddabc7845f48f4831ac73129154,0,22182,-0.05511519,1,6
690c4ddabc7845f48f4831ac73129154,1,318,0.05055732,4,6
690f0d215c29452b9ee793fc6a033308,0,21621,-0.03874046,1,6
690f0d215c29452b9ee793fc6a033308,1,879,-0.00347646,0,0
692096a37e2c43b3b1aaaa06b0a9666b,0,22269,-0.01215442,1,6
692096a37e2c43b3b1aaaa06b0a9666b,1,231,-0.03948808,7,0
692e840d15fd4519b019b6438f5f3c43,0,19001,-0.06806734,1,6
692e840d15fd4519b019b6438f5f3c43,1,3499,-0.07937030,4,5
695972046c1240d69835d02386355ddc,0,21539,-0.01961942,1,5
695972046c1240d69835d02386355ddc,1,961,-0.00401915,0,5
6a02dd6bc13a457b9af4dc88220e269e,0,21490,-0.02002236,1,6
6a02dd6bc13a457b9af4dc88220e269e,1,1010,0.00989726,0,5
6a2b60e5f9ef4cb2a71ac115a3b105bc,0,22008,-0.02464727,1,6
6a2b60e5f9ef4cb2a71ac115a3b105bc,1,492,0.08733734,0,6
6a692a422f67403498d4138287ef6b95,0,20415,-0.01602924,1,6
6a692a422f67403498d4138287ef6b95,1,2085,0.04779564,4,6
6a808b09e5f34d33ba1de76cc8dab423,0,22450,0.00376766,1,6
6a808b09e5f34d33ba1de76cc8dab423,1,50,0.04011891,4,5
6ac07a4efec04453b7326d3a425c7b79,0,21921,-0.01836876,1,6
6ac07a4efec04453b7326d3a425c7b79,1,579,0.01099788,0,6
6b282c1c40c1454bad559e58b5fcecb0,0,21900,-0.02453372,1,6
6b282c1c40c1454bad559e58b5fcecb0,1,600,-0.03273077,5,6
6b506fcb72d542ed96d98270abb7aad3,0,21837,-0.01998848,1,5
6b506fcb72d542ed96d98270abb7aad3,1,663,-0.00017698,0,5
6b5497fed3554da7869ab1af98947cb3,0,22212,-0.03675297,1,6
6b5497fed3554da7869ab1af98947cb3,1,288,0.03408452,0,5
6bfa08277a1e4ec4b85872ee56f288e5,0,21318,-0.02938843,1,6
6bfa08277a1e4ec4b85872ee56f288e5,1,1182,-0.07751365,6,6
6c662b1258e34752be332dcc1eccb7a8,0,21217,-0.03893800,1,6
6c662b1258e34752be332dcc1eccb7a8,1,1283,0.04679820,5,6
6cefb90da1b1468795b6a3a333c94b38,0,21838,-0.03811620,1,6
6cefb90da1b1468795b6a3a333c94b38,1,662,0.01063968,0,0
6cf7822aa27a4e599d4cdd249fca5763,0,22052,-0.01777205,1,6
6cf7822aa27a4e599d4cdd249fca5763,1,448,-0.03214814,6,6
6d32f67b3307453aae7b942c91b7b9e8,0,21607,-0.02887920,1,6
6d32f67b3307453aae7b942c91b7b9e8,1,893,-0.01784975,5,6
6d51fd58aba44fce89d7590a452880b4,0,21045,-0.04746027,1,6
6d51fd58aba44fce89d7590a452880b4,1,1455,0.02338759,6,6
6dd6f81bce54422baf88bd9045da527e,0,19776,-0.06683102,1,6
6dd6f81bce54422baf88bd9045da527e,1,2724,-0.03896329,4,5
6de2f8b9d18441e8aee8011d5f8759f3,0,21711,-0.03383000,1,6
6de2f8b9d18441e8aee8011d5f8759f3,1,789,0.00243133,0,0
6df1e1eb5dff4b019ed0c8b5e9ac14ec,0,20928,-0.04690796,1,6
6df1e1eb5dff4b019ed0c8b5e9ac14ec,1,1572,-0.00322690,4,5
6e147994a5e3493d86a928a612ff5791,0,22269,-0.02586207,1,6
6e147994a5e3493d86a928a612ff5791,1,231,-0.07643098,7,6
6e49bfd9f21447858938b77180bcb6b8,0,22390,-0.02900613,1,6
6e49bfd9f21447858938b77180bcb6b8,1,110,0.07255652,3,0
6e60a07fb4234c1d8b669f62bd49da5b,0,22357,-0.02397094,1,6
6e60a07fb4234c1d8b669f62bd49da5b,1,143,0.08281032,5,0
6e727bcf41e44efc8e6d0a0adbc88935,0,22066,-0.02573985,1,6
6e727bcf41e44efc8e6d0a0adbc88935,1,434,0.04802193,0,0
6e75580faac94693acd7ece6419dcb88,0,21699,-0.02866565,1,6
6e75580faac94693acd7ece6419dcb88,1,801,-0.03679269,5,0
6e90bc3643d94c0fa0edf8795f8c8aa3,0,22039,-0.00019000,1,6
6e90bc3643d94c0fa0edf8795f8c8aa3,1,461,0.01501808,7,0
6ea8ed46a7e04a10abfa6acd5290ea09,0,22131,-0.00211589,1,6
6ea8ed46a7e04a10abfa6acd5290ea09,1,369,0.04392591,7,0
6ef078bc31f94c499f0a8c2d2addfa19,0,21620,-0.04475226,1,6
6ef078bc31f94c499f0a8c2d2addfa19,1,880,0.01404937,6,6
6f801059ac9e4220828b59fcf10c7880,0,22359,0.00028573,1,6
6f801059ac9e4220828b59fcf10c7880,1,141,0.07317513,0,0
6f82d20df0564605978ac7ee7d2da494,0,21481,-0.01638814,1,6
6f82d20df0564605978ac7ee7d2da494,1,1019,-0.01546084,0,5
6fa7e085970a48d09ba0193261deb9d0,0,21769,-0.04016596,1,6
6fa7e085970a48d09ba0193261deb9d0,1,731,-0.04197839,4,5
6fde33ada8b04da9929057fd6b85a72b,0,21740,-0.03989425,1,6
6fde33ada8b04da9929057fd6b85a72b,1,760,0.06574207,0,6
7028ed54fd6940e581917af772b7bef7,0,21543,-0.00662589,1,6
7028ed54fd6940e581917af772b7bef7,1,957,0.03055000,0,0
703ac7e5928a41c7a3138afa74e157ad,0,22018,-0.03633178,1,6
703ac7e5928a41c7a3138afa74e157ad,1,482,0.04947411,0,6
7057a04d83e447829ea18cc201fef956,0,19083,-0.06635884,1,6
7057a04d83e447829ea18cc201fef956,1,3417,-0.07831213,4,5
705b8eb682fb49c98189a06672b1f665,0,22049,-0.04330732,1,6
705b8eb682fb49c98189a06672b1f665,1,451,0.07964866,0,5
705eb6350e504a54950c11ff8b68737b,0,22072,-0.00894464,1,6
705eb6350e504a54950c11ff8b68737b,1,428,0.03467860,0,5
7105472125ff4332b0e1baf93f13459c,0,21137,-0.04798626,1,6
7105472125ff4332b0e1baf93f13459c,1,1363,-0.01640547,6,6
7145819044f74c75aafd4337c57dec15,0,21827,-0.03656613,1,6
7145819044f74c75aafd4337c57dec15,1,673,-0.02897910,5,6
7184209f0b664006a01f7dea4e4ed12c,0,21897,-0.02530306,1,5
7184209f0b664006a01f7dea4e4ed12c,1,603,0.01620640,6,6
71a74ae092364afebe91caaee4ed2af3,0,21363,-0.01757526,1,6
71a74ae092364afebe91caaee4ed2af3,1,1137,0.00402280,0,0
72183c2800e04fd0899c13aa3a99a47d,0,21497,-0.02788746,1,6
72183c2800e04fd0899c13aa3a99a47d,1,1003,-0.08752395,6,6
725fa5f4c5d74d1cbdd23969f8106fd5,0,21391,-0.03738445,1,5
725fa5f4c5d74d1cbdd23969f8106fd5,1,1109,-0.00566020,0,5
726cd21b8e70449182811a38c4b8ac5b,0,21688,-0.03407724,1,6
726cd21b8e70449182811a38c4b8ac5b,1,812,-0.03817715,4,5
728f711f0d8e4b5fa85defb9bbb51399,0,21146,-0.03482472,1,5
728f711f0d8e4b5fa85defb9bbb51399,1,1354,-0.04557494,5,6
729eba6060494d40b9b0a04eec0d98cb,0,21343,-0.03267830,1,6
729eba6060494d40b9b0a04eec0d98cb,1,1157,0.05934134,4,6
72e83c660c194fc988a368cbbb928cac,0,22237,-0.02395646,1,6
72e83c660c194fc988a368cbbb928cac,1,263,0.02031783,0,0
72fb9a53ac6f4222ac623a6b39c9404d,0,20954,-0.04481976,1,6
72fb9a53ac6f4222ac623a6b39c9404d,1,1546,-0.00436815,5,6
72fb9f0f545a4d6b92f6de14c9dcce85,0,21228,-0.03855080,1,5
72fb9f0f545a4d6b92f6de14c9dcce85,1,1272,-0.04547587,5,6
733995d097654865a7bea928efe971af,0,20570,-0.03089715,1,6
733995d097654865a7bea928efe971af,1,1930,0.03260663,4,6
73605b2d71b347e996af63f7e7e55fa9,0,22432,-0.02533164,1,6
73605b2d71b347e996af63f7e7e55fa9,1,68,-0.00082050,3,6
73aabbd30e6d4acd8223811dd40becd0,0,21656,-0.02718901,1,6
73aabbd30e6d4acd8223811dd40becd0,1,844,-0.00352777,6,6
741476cbf3f2499583da8f1e2576f31a,0,19098,-0.06629288,1,6
741476cbf3f2499583da8f1e2576f31a,1,3402,-0.07644087,4,5
74367914ce444036855a9aad936c2e9d,0,21611,-0.03879418,1,6
74367914ce444036855a9aad936c2e9d,1,889,-0.01094055,6,6
745713b3baae4ea18de5c74eb4d06bb8,0,22348,-0.03298010,1,5
745713b3baae4ea18de5c74eb4d06bb8,1,152,0.04193932,0,0
7483e0aca67b4ed79c12f553d5123923,0,22327,-0.02014946,1,6
7483e0aca67b4ed79c12f553d5123923,1,173,0.02945890,3,0
749272e58d20497282225997c6c99602,0,21487,-0.04145111,1,6
749272e58d20497282225997c6c99602,1,1013,-0.04696970,6,6
74f6b583f9eb441db5b95b67cbec71f5,0,21716,-0.01448718,1,6
74f6b583f9eb441db5b95b67cbec71f5,1,784,0.05651408,0,0
752c9911f5184076b7498c32913821be,0,21701,-0.01019482,1,6
752c9911f5184076b7498c32913821be,1,799,-0.05166733,0,5
75552a5fc1ee4030ac1d032c6343a165,0,22374,-0.02762228,1,6
75552a5fc1ee4030ac1d032c6343a165,1,126,0.05258220,3,0
755ef1d006e94b2a87523000781a7a99,0,21781,-0.02491891,1,6
755ef1d006e94b2a87523000781a7a99,1,719,-0.01430508,0,0
75b0b5c13a214183961af9189f1c72f0,0,20492,-0.03775910,1,6
75b0b5c13a214183961af9189f1c72f0,1,2008,-0.01695402,4,5
76b0296bc28a454894ea616e547ee9e9,0,21501,-0.01881378,1,6
76b0296bc28a454894ea616e547ee9e9,1,999,0.02731026,0,0
770e895b5ce74010a0fa278b76347b2a,0,20682,-0.03722134,1,6
770e895b5ce74010a0fa278b76347b2a,1,1818,0.01184094,4,5
7714fdd1943d4487ba9b9b3909352199,0,22500,-0.00785267,1,5
773712537f064bed866ee4be0a425261,0,22009,-0.02491238,1,6
773712537f064bed866ee4be0a425261,1,491,0.06548962,5,6
778c13ddbcd640fbb27d6b5cb18a76a9,0,21383,-0.02702747,1,6
778c13ddbcd640fbb27d6b5cb18a76a9,1,1117,-0.06278281,6,6
77c3d98fab3e4d3ea65747caaa74d605,0,21621,-0.03226202,1,5
77c3d98fab3e4d3ea65747caaa74d605,1,879,0.03051261,0,0
77cdbd3d755d45d8b822d6d595fdbf70,0,21468,-0.01712307,1,5
77cdbd3d755d45d8b822d6d595fdbf70,1,1032,0.04925847,0,0
77d239a5f93b49a38ec0a6185c87147d,0,22370,-0.03184575,1,6
77d239a5f93b49a38ec0a6185c87147d,1,130,0.02839143,3,0
77ee28e79c2f400d893c9712b1c75b6b,0,21889,-0.03029209,1,6
77ee28e79c2f400d893c9712b1c75b6b,1,611,-0.01680281,6,6
781696f733bf458ca2a588fdec64a1b0,0,21481,0.02896579,1,6
781696f733bf458ca2a588fdec64a1b0,1,1019,0.01601698,6,6
782d4b9439e04e5b927e1175e614e770,0,21415,-0.02982812,1,6
782d4b9439e04e5b927e1175e614e770,1,1085,-0.05718149,6,6
783bf5ef43d04e538df4986e1461ba7e,0,21985,-0.03061869,1,6
783bf5ef43d04e538df4986e1461ba7e,1,515,-0.08820379,7,6
78c80690450a4e8aba63e1f2ca27c207,0,22013,0.00758377,1,6
78c80690450a4e8aba63e1f2ca27c207,1,487,0.05447049,4,6
78fb6fd360a248dd8942da088cecae6c,0,21551,-0.05082212,1,6
78fb6fd360a248dd8942da088cecae6c,1,949,0.03455467,5,0
79070dca796f4ffb868d84f1b067f9c2,0,21843,0.00515065,1,5
79070dca796f4ffb868d84f1b067f9c2,1,657,0.01841601,6,6
7955a19c9fc348ee9efc6651fce327a6,0,20712,-0.02695880,1,5
7955a19c9fc348ee9efc6651fce327a6,1,1788,0.08381311,4,5
7967df27333942bca9eb8c1af9de61af,0,21441,-0.02841064,1,6
7967df27333942bca9eb8c1af9de61af,1,1059,-0.10738973,5,6
797b8557ddfc4cada19fb38cd23fd664,0,22084,-0.02774621,1,6
797b8557ddfc4cada19fb38cd23fd664,1,416,-0.04600386,6,6
79aee76081974fe18eff436a020ce606,0,22315,-0.02287357,1,6
79aee76081974fe18eff436a020ce606,1,185,0.03720779,3,0
79dad8d6058948f087d17dc6e3aa3bef,0,19178,-0.06602581,1,6
79dad8d6058948f087d17dc6e3aa3bef,1,3322,-0.07228179,4,5
79df0c60e7ca419697199c2c179010d9,0,19853,-0.01764978,1,5
79df0c60e7ca419697199c2c179010d9,1,2647,0.03217851,6,0
7a344e7e1436415caf180ae067a4203a,0,21153,-0.03963162,1,6
7a344e7e1436415caf180ae067a4203a,1,1347,-0.03263975,5,6
7afa9d662f39446b879b6d5bc6b18850,0,21976,-0.02728674,1,6
7afa9d662f39446b879b6d5bc6b18850,1,524,-0.02224925,6,6
7b011306ccc34c94a341a54ba2552c52,0,21310,-0.03962264,1,6
7b011306ccc34c94a341a54ba2552c52,1,1190,-0.05764984,5,6
7b175346a22b4e68b54a9d21f88446dc,0,21690,-0.01471220,1,6
7b175346a22b4e68b54a9d21f88446dc,1,810,-0.01548411,0,5
7c3248a9f77341d2ba915b857bd8f287,0,22403,-0.01946946,1,6
7c3248a9f77341d2ba915b857bd8f287,1,97,-0.04625106,3,0
7c3328b43154403cac0991fd6e967de9,0,22500,-0.00427277,1,5
7cf16327f4c04fb991706142824b9233,0,21533,-0.04619842,1,6
7cf16327f4c04fb991706142824b9233,1,967,0.07152328,5,6
7d5b763cacaa4e21949c95eb445adfd8,0,22151,-0.03384679,1,6
7d5b763cacaa4e21949c95eb445adfd8,1,349,-0.05406664,4,6
7e2fd590b46d42cdbe8dfbf035761561,0,21956,0.00817795,1,5
7e2fd590b46d42cdbe8dfbf035761561,1,544,-0.02339870,7,6
7e33559bf5ce4cbabf24b606383ce521,0,22244,-0.02360284,1,6
7e33559bf5ce4cbabf24b606383ce521,1,256,0.02414653,5,0
7e3b2e211788438c88a1840f5d2e6410,0,21865,-0.03888754,1,6
7e3b2e211788438c88a1840f5d2e6410,1,635,0.03398254,5,6
7e65d09f5a60498e85f615086332ab1e,0,21989,-0.03648711,1,6
7e65d09f5a60498e85f615086332ab1e,1,511,0.03113216,4,6
7f770beac09a4af3b8ec2f4954b9e1aa,0,20897,-0.03892877,1,6
7f770beac09a4af3b8ec2f4954b9e1aa,1,1603,-0.00050463,5,6
7ff6ab92e1c443209f8268fcfb214925,0,21472,-0.03994941,1,6
7ff6ab92e1c443209f8268fcfb214925,1,1028,0.03799972,5,6
802619f6fb5940608483cb29fc1beab6,0,22024,-0.00421548,1,6
802619f6fb5940608483cb29fc1beab6,1,476,-0.01503984,7,0
80d7c172efb64b5296f2d22f942bc963,0,22178,-0.03145050,1,5
80d7c172efb64b5296f2d22f942bc963,1,322,0.03818461,6,0
813b2581a9664b559f0194b4fcfcb52e,0,20347,-0.02109873,1,6
813b2581a9664b559f0194b4fcfcb52e,1,2153,0.04826233,4,6
814f40cea21041308224320c40274e51,0,21845,-0.04388860,1,6
814f40cea21041308224320c40274e51,1,655,0.00877837,5,6
81d4dc6d876c46528e7c678fe85410cf,0,21451,-0.02819587,1,6
81d4dc6d876c46528e7c678fe85410cf,1,1049,-0.07924782,5,6
81f68870ae19470a93ae51e7ff2583ef,0,22063,-0.03009155,1,6
81f68870ae19470a93ae51e7ff2583ef,1,437,0.00317383,6,0
81fae3cd80704dfb8f0be1144e6218ce,0,21976,-0.02250671,1,6
81fae3cd80704dfb8f0be1144e6218ce,1,524,0.08171695,0,0
822fba03dd684437850a2f969a7fbfab,0,22069,-0.04562323,1,5
822fba03dd684437850a2f969a7fbfab,1,431,-0.01613409,0,6
823fda8d134347afae8f1ef5087c0abe,0,21806,-0.04098988,1,6
823fda8d134347afae8f1ef5087c0abe,1,694,0.03722354,0,6
825a9083e9fc466ca6fdb4bb75a95449,0,19138,-0.06628289,1,6
825a9083e9fc466ca6fdb4bb75a95449,1,3362,-0.07901119,4,5
826a15deb9364faca537d635728a2ef8,0,21484,-0.03820147,1,6
826a15deb9364faca537d635728a2ef8,1,1016,0.02244866,4,6
82aa58cdc18a4b03ae40861cb0ecef79,0,22055,-0.02834337,1,5
82aa58cdc18a4b03ae40861cb0ecef79,1,445,-0.00152107,2,0
830ba619959e4802a955ac40c5ee9453,0,21734,-0.03436019,1,5
830ba619959e4802a955ac40c5ee9453,1,766,0.03417728,0,5
838383739cd2432f9759eab414b7f7e8,0,21932,-0.04013681,1,6
838383739cd2432f9759eab414b7f7e8,1,568,0.04015929,0,6
847e0091d71b4433a36b823560eac51c,0,18877,-0.06690705,1,6
847e0091d71b4433a36b823560eac51c,1,3623,-0.07516766,4,5
848d0535939349018c41668705f60469,0,22375,-0.01591855,1,6
848d0535939349018c41668705f60469,1,125,-0.04438274,0,6
8491dd8fb7a44826b15e24ef9f869455,0,21266,-0.03524160,1,6
8491dd8fb7a44826b15e24ef9f869455,1,1234,-0.01006197,5,6
849bde6d489544178c838baa28142bd4,0,21502,-0.02105583,1,6
849bde6d489544178c838baa28142bd4,1,998,0.02094569,0,0
84a3ca70e40a4c5b94172cd8e20971a3,0,22065,-0.03473851,1,6
84a3ca70e40a4c5b94172cd8e20971a3,1,435,0.01585107,3,6
84c335bc18a749f790386b509c13d4c9,0,21301,-0.02813283,1,6
84c335bc18a749f790386b509c13d4c9,1,1199,-0.05844466,6,6
84d3fc3616134756aa8a9545a5706e62,0,22362,-0.02218314,1,6
84d3fc3616134756aa8a9545a5706e62,1,138,0.06785974,3,0
85196a976749449a86c0327924712e5f,0,21571,-0.02185889,1,6
85196a976749449a86c0327924712e5f,1,929,-0.06707317,6,0
85afff825a6f426baa62442947f3b03b,0,21612,-0.04346463,1,6
85afff825a6f426baa62442947f3b03b,1,888,0.02374072,0,6
86287c78bf494502ae0b6110c162b63d,0,22421,-0.01919450,1,6
86287c78bf494502ae0b6110c162b63d,1,79,0.00421059,3,6
864f2bd660ba4d5b83fc5dee443801ce,0,21563,-0.02592041,1,6
864f2bd660ba4d5b83fc5dee443801ce,1,937,-0.06059945,5,6
867689f92a82488f91fc0b7f283c0858,0,21990,-0.03069196,1,5
867689f92a82488f91fc0b7f283c0858,1,510,0.01481775,6,6
86e25905be824caca65d4b596b37fce3,0,22179,-0.04583118,1,6
86e25905be824caca65d4b596b37fce3,1,321,0.01143955,5,6
882b922af4c740b8be9db39b2cdd1861,0,21552,-0.03696270,1,6
882b922af4c740b8be9db39b2cdd1861,1,948,0.05161972,5,6
885d559ea0bb4c75ba6be2ad572f068f,0,21742,-0.02287736,1,6
885d559ea0bb4c75ba6be2ad572f068f,1,758,-0.01960092,4,5
88a090c54cc844cc878f00d08274a683,0,22487,0.02564730,1,5
88a090c54cc844cc878f00d08274a683,1,13,-0.05176809,7,3
88aa269105204f8db1a29debf3cde07c,0,21798,-0.02935369,1,6
88aa269105204f8db1a29debf3cde07c,1,702,-0.03086442,5,6
8929201da6384e3a8299d9427669f735,0,21865,-0.02815651,1,5
8929201da6384e3a8299d9427669f735,1,635,-0.02283226,6,0
893266afc2574e58a5abd0f29b2c1faa,0,22438,-0.02753608,1,5
893266afc2574e58a5abd0f29b2c1faa,1,62,0.06654135,0,0
895d801ecf3e40019e43a0d5b80bb453,0,22174,-0.02771726,1,6
895d801ecf3e40019e43a0d5b80bb453,1,326,0.05686424,7,0
8a51ed0367034945927c7c70eda2fd59,0,21568,-0.02352185,1,6
8a51ed0367034945927c7c70eda2fd59,1,932,-0.07823604,6,0
8a51f719699b49f893a8ed0932201c22,0,21430,-0.02612519,1,6
8a51f719699b49f893a8ed0932201c22,1,1070,-0.05435655,5,6
8ae5eb1e96954ba0b154600564400ab4,0,21875,-0.01922850,1,6
8ae5eb1e96954ba0b154600564400ab4,1,625,-0.04387049,5,6
8b2da12cffd84eb2925b0b9e08ed250f,0,21722,-0.02773740,1,6
8b2da12cffd84eb2925b0b9e08ed250f,1,778,0.00212455,0,0
8b52e309b5144f7880725db89ec38956,0,22432,-0.01871716,1,6
8b52e309b5144f7880725db89ec38956,1,68,-0.02297436,3,6
8b82354665954ed0b885da38010e33fd,0,21905,-0.04248904,1,6
8b82354665954ed0b885da38010e33fd,1,595,0.02421082,5,6
8b93ca14a898421d88a437bbd88fb716,0,21822,-0.01651447,1,5
8b93ca14a898421d88a437bbd88fb716,1,678,-0.00988328,0,5
8c31c49fd6fe439990f79d3bc26edc52,0,21748,-0.05643657,1,6
8c31c49fd6fe439990f79d3bc26edc52,1,752,0.04773803,5,6
8c4f9b0b97424ba2940ca2a9aa030e4a,0,21579,-0.03740482,1,6
8c4f9b0b97424ba2940ca2a9aa030e4a,1,921,-0.02246848,6,6
8c6a954f8ab94c36b994a18d9f6a5b26,0,21570,-0.03160075,1,6
8c6a954f8ab94c36b994a18d9f6a5b26,1,930,-0.05228667,7,0
8c9d04f0d9fe4fa49db9a99d4852f46a,0,22263,-0.02481618,1,6
8c9d04f0d9fe4fa49db9a99d4852f46a,1,237,0.04625551,3,0
8ccc7487ae0a4aed9daa021f6efe96b5,0,21507,-0.02118491,1,6
8ccc7487ae0a4aed9daa021f6efe96b5,1,993,0.01541075,0,0
8cf0dfa0d78f469e8b10760332954028,0,22218,-0.02819748,1,6
8cf0dfa0d78f469e8b10760332954028,1,282,0.05122951,0,0
8cf7909610bb4c8bb97d8618e3b3e25f,0,20327,-0.03600406,1,6
8cf7909610bb4c8bb97d8618e3b3e25f,1,2173,0.03878952,4,6
8cfc29cd1fee4f92bd5134e2af939d47,0,22029,-0.03974201,1,5
8cfc29cd1fee4f92bd5134e2af939d47,1,471,0.05123122,0,0
8d482af343ab4ae79fcf4d6aa13806d3,0,21990,-0.03256173,1,5
8d482af343ab4ae79fcf4d6aa13806d3,1,510,0.03701401,0,0
8d4ef2af6b394e5e8ccfd6e2e90156dc,0,21776,-0.02579169,1,6
8d4ef2af6b394e5e8ccfd6e2e90156dc,1,724,-0.02382713,0,0
8d5c8d68750649c5bb0798abe4a1d8f8,0,22310,-0.01694277,1,6
8d5c8d68750649c5bb0798abe4a1d8f8,1,190,0.02876854,5,6
8d61756d524d48598e90ffcb87c715ea,0,21507,-0.04605428,1,6
8d61756d524d48598e90ffcb87c715ea,1,993,0.04173658,5,6
8d74da149b1041cf8f0ff4a23c53342c,0,21720,-0.00652521,1,6
8d74da149b1041cf8f0ff4a23c53342c,1,780,-0.04061330,0,5
8d8d71781b5e4a9aaa0e1830bcbc3796,0,22156,-0.02971814,1,6
8d8d71781b5e4a9aaa0e1830bcbc3796,1,344,-0.06860805,4,6
8e21bcb6b7304ee3ba342c9c3f2c0226,0,21854,-0.03342812,1,6
8e21bcb6b7304ee3ba342c9c3f2c0226,1,646,-0.04009104,6,6
8e352778ec734bdeb57a8905d06ea95c,0,19743,-0.06887088,1,6
8e352778ec734bdeb57a8905d06ea95c,1,2757,-0.05025868,4,6
8e86bdba7c1f434780fdc7924d9d2286,0,22256,-0.02020925,1,6
8e86bdba7c1f434780fdc7924d9d2286,1,244,0.07159177,3,0
8f64afe602ff4207b65847a87253241e,0,19654,-0.06680000,1,6
8f64afe602ff4207b65847a87253241e,1,2846,-0.03798534,4,5
8f88eeb853ff4fb5a88e03e44bf8fa28,0,20495,-0.03093333,1,5
8f88eeb853ff4fb5a88e03e44bf8fa28,1,2005,0.06586927,4,5
8fb167b9767d420b9c6368719bafb7b4,0,21757,0.01133135,1,6
8fb167b9767d420b9c6368719bafb7b4,1,743,-0.05564442,7,6
9018d220fc7340998efa65631a9c3cd4,0,21136,-0.04147982,1,6
9018d220fc7340998efa65631a9c3cd4,1,1364,-0.02462759,5,6
9075f9ff230041c59042130739b92ef1,0,20818,-0.04009559,1,5
9075f9ff230041c59042130739b92ef1,1,1682,-0.00232046,5,6
907d8111df2a432dbbf8a992755ae1e6,0,22089,-0.04295791,1,5
907d8111df2a432dbbf8a992755ae1e6,1,411,-0.00651890,0,5
90c1665c6cf24153a834063fd99f257c,0,21962,-0.02624071,1,6
90c1665c6cf24153a834063fd99f257c,1,538,-0.07687205,7,6
90c8d4cb239d48adb447177c64a7ff0f,0,22078,-0.04405086,1,6
90c8d4cb239d48adb447177c64a7ff0f,1,422,0.00219615,6,6
913f4d17b4c54ce19662f83158a3d4d0,0,21125,-0.03370162,1,5
913f4d17b4c54ce19662f83158a3d4d0,1,1375,-0.01869784,5,6
91586f8ae0584fecb7b1ecf9a2bc8046,0,22194,-0.00216538,1,6
91586f8ae0584fecb7b1ecf9a2bc8046,1,306,0.01669067,0,6
915e9d78c1eb4bc7a75fbd9d672be158,0,21908,-0.01911035,1,6
915e9d78c1eb4bc7a75fbd9d672be158,1,592,-0.05270833,5,6
91b1849b2b1747a39ba5732ba4caa1df,0,21565,-0.03441334,1,5
91b1849b2b1747a39ba5732ba4caa1df,1,935,0.01995977,0,0
91bb8353dea24e0eb219c013b45dcd64,0,21491,-0.02245527,1,6
91bb8353dea24e0eb219c013b45dcd64,1,1009,0.02283654,0,0
91cc3d4e0df748fd8f7b2955fa4b549c,0,21771,-0.02540801,1,6
91cc3d4e0df748fd8f7b2955fa4b549c,1,729,-0.02003738,0,0
91d55da975464dd6a50d71a4d46881eb,0,21400,-0.03193269,1,6
91d55da975464dd6a50d71a4d46881eb,1,1100,-0.10190039,5,6
924154c08a8549c3b1e4a7e20aa0ab77,0,21998,-0.03048493,1,6
924154c08a8549c3b1e4a7e20aa0ab77,1,502,0.08922498,0,6
925af658789c478eabee8e04ed1a04b9,0,20612,-0.03696498,1,6
925af658789c478eabee8e04ed1a04b9,1,1888,-0.00588450,4,6
9260fb448a3a49c0be2d174e01157940,0,22256,-0.00974649,1,6
9260fb448a3a49c0be2d174e01157940,1,244,-0.02998701,0,5
9287148365d241a99104b0b129246071,0,21806,-0.03654913,1,6
9287148365d241a99104b0b129246071,1,694,0.02919469,4,6
9288108d128d4579a54fb135d08b46ad,0,21734,-0.02683713,1,6
9288108d128d4579a54fb135d08b46ad,1,766,-0.02207082,0,0
92d457fe8cc54e8d87c52bb5eb670768,0,22075,-0.03040295,1,5
92d457fe8cc54e8d87c52bb5eb670768,1,425,0.04102988,0,0
93ca32c6f20745cd9d6010c66a2721c8,0,20636,-0.03697834,1,5
93ca32c6f20745cd9d6010c66a2721c8,1,1864,0.07242063,4,5
942605eb508545f5a45c12c55c76832b,0,22000,-0.04402200,1,5
942605eb508545f5a45c12c55c76832b,1,500,0.04190943,0,6
943884d0b74546ee8d6a18ab456159a5,0,21777,-0.02826609,1,6
943884d0b74546ee8d6a18ab456159a5,1,723,0.00991901,0,0
9454ea23d85241468b8757a0bd89964d,0,22060,-0.04307674,1,6
9454ea23d85241468b8757a0bd89964d,1,440,0.02730278,0,5
945de6d3e88940269fbfe07ec1feafac,0,21440,-0.02406522,1,6
945de6d3e88940269fbfe07ec1feafac,1,1060,-0.01010700,6,6
94726bdf5c4a4349a658a83b73271549,0,20089,-0.05732505,1,6
94726bdf5c4a4349a658a83b73271549,1,2411,-0.03289474,4,5
9497e9cc708b4754916f4113bd35f7b3,0,21374,-0.05519770,1,6
9497e9cc708b4754916f4113bd35f7b3,1,1126,-0.04492371,0,6
94a9a7613d514b1b810fd2e9821d2e63,0,22180,-0.03949501,1,6
94a9a7613d514b1b810fd2e9821d2e63,1,320,0.06037827,3,6
951e0232d2c441cda7e88f6db8e63323,0,22500,-0.03417415,1,6
959c87c78f62434abde877aa3663cc77,0,21560,-0.02704617,1,6
959c87c78f62434abde877aa3663cc77,1,940,-0.01846322,6,6
95da06d762ea41ed8050c8d7a9cefa8c,0,22264,-0.02707972,1,6
95da06d762ea41ed8050c8d7a9cefa8c,1,236,0.02999451,3,0
95ead133ce5a4c7fac5e5a2b2650d552,0,21554,-0.01572997,1,6
95ead133ce5a4c7fac5e5a2b2650d552,1,946,0.02569122,4,6
95f0230140d24bf49f707545141c5044,0,21606,-0.04607688,1,6
95f0230140d24bf49f707545141c5044,1,894,-0.01220884,6,6
9645597ea6ce4637ba0c155041d888a9,0,21622,-0.04050261,1,6
9645597ea6ce4637ba0c155041d888a9,1,878,-0.02414700,6,6
964b2b96e1a1498db478e6c6e51d50b0,0,21637,-0.04132911,1,6
964b2b96e1a1498db478e6c6e51d50b0,1,863,0.03363465,5,6
96af1a7dbbe643ee9b54c2702c719407,0,21374,-0.03039617,1,6
96af1a7dbbe643ee9b54c2702c719407,1,1126,-0.04610766,7,0
970e605b05c14027b08a6e74d5e8ceca,0,22111,-0.03476281,1,6
970e605b05c14027b08a6e74d5e8ceca,1,389,-0.04609317,4,6
970f41b6fc4544b388fe7ccd578988a9,0,21497,0.01362224,1,6
970f41b6fc4544b388fe7ccd578988a9,1,1003,0.03446211,6,6
976b81713430463b9ffeb99f8d3ed874,0,21985,-0.03427876,1,6
976b81713430463b9ffeb99f8d3ed874,1,515,0.00861664,4,6
978470d6c8634b75bbb95b2e3d0cea10,0,21733,-0.03799190,1,6
978470d6c8634b75bbb95b2e3d0cea10,1,767,-0.03923435,4,5
9784a87689e64da29ff6d1b2fbaf6673,0,21300,-0.05318510,1,6
9784a87689e64da29ff6d1b2fbaf6673,1,1200,-0.00890519,6,6
978a37be21d24c6d951a2e037a621aea,0,21698,-0.04149365,1,6
978a37be21d24c6d951a2e037a621aea,1,802,0.03732014,0,5
97c7f76a73c74d39abd8456eddb9d800,0,21619,-0.03553378,1,6
97c7f76a73c74d39abd8456eddb9d800,1,881,0.02085825,4,5
97c934ef10c34ced96b35417dce1b75a,0,22058,-0.02630740,1,5
97c934ef10c34ced96b35417dce1b75a,1,442,-0.00916138,2,0
9851e24eeb8e40cf962e45b1975aff53,0,20973,-0.04415936,1,6
9851e24eeb8e40cf962e45b1975aff53,1,1527,0.03109366,5,6
98fc274ca14d44a5b9117fbfb04d18b1,0,22047,-0.03711485,1,6
98fc274ca14d44a5b9117fbfb04d18b1,1,453,0.02831605,0,6
99a4b7bf640d4cc1bcdbfd9d6cffe4a4,0,19657,-0.06481965,1,6
99a4b7bf640d4cc1bcdbfd9d6cffe4a4,1,2843,-0.05386950,4,6
99c398fcde5b4a2091b1a58b94ca1b5e,0,21461,-0.05108329,1,6
99c398fcde5b4a2091b1a58b94ca1b5e,1,1039,-0.05442539,0,5
99c4cc9ce89246b19b802666bff43cf9,0,21425,-0.03343104,1,6
99c4cc9ce89246b19b802666bff43cf9,1,1075,-0.04627644,7,0
99ca4527b7a24d039d2465b46ed0a543,0,21686,-0.03372346,1,6
99ca4527b7a24d039d2465b46ed0a543,1,814,-0.02423007,6,6
9a1174901ea1401a9972a44616214c9b,0,22271,-0.02425023,1,6
9a1174901ea1401a9972a44616214c9b,1,229,-0.08160480,7,6
9a1930f3bb72466ca77c038189180f01,0,21346,-0.02961428,1,6
9a1930f3bb72466ca77c038189180f01,1,1154,-0.05701092,6,6
9a7a58e327f04340ae8f9ec098a58418,0,22267,-0.03499509,1,5
9a7a58e327f04340ae8f9ec098a58418,1,233,-0.00514090,7,0
9a7dc9c8adce4ae68ca26ad5b5f93366,0,21918,-0.02770929,1,5
9a7dc9c8adce4ae68ca26ad5b5f93366,1,582,-0.00835543,6,0
9a897c585ce04962b0d35b7cfd3b3572,0,21690,-0.04402661,1,6
9a897c585ce04962b0d35b7cfd3b3572,1,810,-0.02560187,6,6
9a8b4a5cc0ae4a198e88435b9f5b4b57,0,20527,-0.03673924,1,6
9a8b4a5cc0ae4a198e88435b9f5b4b57,1,1973,-0.00500537,4,5
9a9c05fe0e70410ea3afd0de471131c0,0,21313,-0.03018604,1,6
9a9c05fe0e70410ea3afd0de471131c0,1,1187,-0.00078146,6,6
9a9f358664e64025a28fbffcf2ee0099,0,22172,-0.02658726,1,6
9a9f358664e64025a28fbffcf2ee0099,1,328,0.05698529,3,0
9aa4c454c6154c069354edd8819f767a,0,22230,-0.03501338,1,5
9aa4c454c6154c069354edd8819f767a,1,270,-0.03641704,2,6
9b152be25b2844e48242d1c717ad4ffb,0,21717,-0.05555183,1,6
9b152be25b2844e48242d1c717ad4ffb,1,783,0.01176770,5,6
9b3ff4bc3d1d46a19ddae004ec9c0ae5,0,22184,-0.00934816,1,6
9b3ff4bc3d1d46a19ddae004ec9c0ae5,1,316,-0.02880859,7,6
9bab9367c07f4410ab2a3e901d76034f,0,21163,-0.03855806,1,5
9bab9367c07f4410ab2a3e901d76034f,1,1337,-0.01459848,5,6
9bd318b5781f4bf797b9b6ee69f9cbd8,0,21348,-0.04206116,1,6
9bd318b5781f4bf797b9b6ee69f9cbd8,1,1152,-0.05598745,5,6
9c0558316d134feb8835997f8df4444d,0,21805,-0.02500626,1,6
9c0558316d134feb8835997f8df4444d,1,695,-0.01903639,0,0
9caa0b052ced40488ab08aaef3320c8d,0,20263,-0.05066510,1,6
9caa0b052ced40488ab08aaef3320c8d,1,2237,-0.00027660,4,5
9cc58d6731274c28a27a727a6975518d,0,19172,-0.06815789,1,6
9cc58d6731274c28a27a727a6975518d,1,3328,-0.08145911,4,5
9d0b36d611be43ffa9244ee9a4e9c5e9,0,21393,-0.02472811,1,6
9d0b36d611be43ffa9244ee9a4e9c5e9,1,1107,-0.02479209,5,6
9d7f6bb363df40fb983e912efe874b74,0,21868,-0.04082234,1,6
9d7f6bb363df40fb983e912efe874b74,1,632,-0.03028801,0,6
9d8a4a7fb81a4a10a1058bd961199509,0,21710,-0.02271232,1,6
9d8a4a7fb81a4a10a1058bd961199509,1,790,0.00615342,6,6
9dd1cd3650d34bb1bb5d08a53bc84bd5,0,20918,-0.04252938,1,6
9dd1cd3650d34bb1bb5d08a53bc84bd5,1,1582,0.01223958,6,6
9de41b523cce4fb3aa4f6230ec06345d,0,21739,-0.02352134,1,6
9de41b523cce4fb3aa4f6230ec06345d,1,761,-0.00323621,0,6
9e545368482a44e282aa0d7e66fe8654,0,21343,-0.01722909,1,6
9e545368482a44e282aa0d7e66fe8654,1,1157,0.00600803,4,5
9e9a96e83b11478fae99ffaf1b65c1ff,0,21825,-0.03224859,1,6
9e9a96e83b11478fae99ffaf1b65c1ff,1,675,0.05484533,5,6
9ebd58f1c73d4c52ada219d7e6dc1099,0,21344,-0.04343327,1,6
9ebd58f1c73d4c52ada219d7e6dc1099,1,1156,-0.02508157,4,6
9f5b95a0bb20428188d4abae6a0579d1,0,22393,-0.02309783,1,6
9f5b95a0bb20428188d4abae6a0579d1,1,107,-0.03357352,3,0
9f6fcb159f6046cb9b2f9165479c2e51,0,21461,-0.02570427,1,6
9f6fcb159f6046cb9b2f9165479c2e51,1,1039,-0.07716548,5,6
9f7c0eaa175c4627aab13b7f76297c2a,0,21027,-0.04643449,1,6
9f7c0eaa175c4627aab13b7f76297c2a,1,1473,0.00360030,5,6
9fc4f152d50443c7ab8ecf1729700848,0,21764,-0.03718392,1,6
9fc4f152d50443c7ab8ecf1729700848,1,736,0.04363682,0,6
9fde5c65b052434db6325e3010f5d1b4,0,22450,-0.03528809,1,5
9fde5c65b052434db6325e3010f5d1b4,1,50,0.08456179,7,5
a00699393a4b4cf39e0b992da8dd2715,0,22335,-0.03161305,1,6
a00699393a4b4cf39e0b992da8dd2715,1,165,0.05186332,3,0
a0214502bae94c408f317587614cac49,0,20667,-0.03467270,1,6
a0214502bae94c408f317587614cac49,1,1833,0.01891133,6,6
a027c6b262db48f79a281d674775a778,0,20682,-0.02480840,1,6
a027c6b262db48f79a281d674775a778,1,1818,0.04423504,4,6
a08cf86f5b2a4f5abdee5756820aa66f,0,22093,-0.02537791,1,6
a08cf86f5b2a4f5abdee5756820aa66f,1,407,0.04200161,3,6
a0b6daacdda84ad8a2696593b4ef2e4a,0,21472,-0.04985773,1,6
a0b6daacdda84ad8a2696593b4ef2e4a,1,1028,-0.03881579,0,5
a11fc6258e564dc4ab612bdf98e90fd1,0,20535,-0.02095090,1,6
a11fc6258e564dc4ab612bdf98e90fd1,1,1965,0.03469203,6,0
a15bd188376049479320d79c39611040,0,21670,-0.02527188,1,6
a15bd188376049479320d79c39611040,1,830,-0.02708129,0,5
a1d17e01d0454964a0699b251b2f1e70,0,22434,-0.01648781,1,6
a1d17e01d0454964a0699b251b2f1e70,1,66,0.06440728,3,0
a21bf301ee63439697226895c267af08,0,22176,-0.02575363,1,5
a21bf301ee63439697226895c267af08,1,324,-0.00692130,2,0
a2d8604904294c2fb73648830a2604aa,0,22388,-0.01393218,1,6
a2d8604904294c2fb73648830a2604aa,1,112,-0.02082971,0,6
a2f135999c12428caacda927ebcff835,0,21415,-0.02845652,1,6
a2f135999c12428caacda927ebcff835,1,1085,-0.08024382,5,6
a2fada921a7d4141877f4a51328a21af,0,22389,-0.03853296,1,5
a2fada921a7d4141877f4a51328a21af,1,111,-0.00578117,7,0
a32eb5c0d8514895af2af5889c1f5199,0,22157,-0.02836758,1,5
a32eb5c0d8514895af2af5889c1f5199,1,343,0.00003596,2,0
a35e04cb7b8f466ca0d4031b483e0b0e,0,21925,-0.03254831,1,6
a35e04cb7b8f466ca0d4031b483e0b0e,1,575,0.10313663,5,6
a38cd83451774e5f89fce6eb45b3ac8a,0,22334,-0.02390269,1,6
a38cd83451774e5f89fce6eb45b3ac8a,1,166,0.08611002,3,0
a38d06e080204b9c9c0b805375c8d6f9,0,22357,-0.02151802,1,6
a38d06e080204b9c9c0b805375c8d6f9,1,143,0.10679290,0,0
a3ba04d450c246cbab219c325f1a4cbc,0,21523,-0.04533760,1,6
a3ba04d450c246cbab219c325f1a4cbc,1,977,-0.00781862,4,6
a3cbed1b71c54b1cb067b434284cf955,0,21195,-0.03294455,1,6
a3cbed1b71c54b1cb067b434284cf955,1,1305,-0.01031746,6,6
a3d738f58fd241178943ee5b09117d05,0,22152,-0.02931729,1,5
a3d738f58fd241178943ee5b09117d05,1,348,-0.02039032,2,6
a4093bf016f74a93bab9aea589de615c,0,21284,-0.02982172,1,6
a4093bf016f74a93bab9aea589de615c,1,1216,-0.08381623,5,6
a484d76a40e24d549a0ab412d0a843d0,0,21987,0.00998858,1,6
a484d76a40e24d549a0ab412d0a843d0,1,513,-0.01731724,6,6
a4be46a1e7d24df3b14fe5322c65df71,0,22229,-0.01346809,1,6
a4be46a1e7d24df3b14fe5322c65df71,1,271,-0.05397913,7,6
a4fa9d49433944d893b977da960fc458,0,22392,-0.02606429,1,6
a4fa9d49433944d893b977da960fc458,1,108,0.02443883,3,0
a5231426981b434f9db5b02782c8dd3c,0,22140,-0.01357870,1,5
a5231426981b434f9db5b02782c8dd3c,1,360,-0.00232108,0,6
a593f1a21f6e4deca2e30c009916ed7a,0,21750,-0.03033690,1,5
a593f1a21f6e4deca2e30c009916ed7a,1,750,0.01220836,7,0
a5d381511d6748fb8626ab563d6c7022,0,21569,-0.02972681,1,6
a5d381511d6748fb8626ab563d6c7022,1,931,0.03839699,0,0
a5e43b1d5df14313b0ad5e9a7310c355,0,21980,-0.02355011,1,5
a5e43b1d5df14313b0ad5e9a7310c355,1,520,-0.01771190,6,6
a6261bd83c5e4e1985012b6c6c51fce0,0,22478,-0.01382941,1,5
a6261bd83c5e4e1985012b6c6c51fce0,1,22,-0.04171081,7,5
a64c6582af2b4452bd3372cdd3acf69b,0,22044,-0.04551875,1,6
a64c6582af2b4452bd3372cdd3acf69b,1,456,0.04040680,5,6
a6c2ae7542054cf19a68bd7bfc3dc478,0,21003,-0.03670965,1,5
a6c2ae7542054cf19a68bd7bfc3dc478,1,1497,0.02986148,0,5
a6f13e65dcd141bca7ffb425d7c6c8be,0,21894,-0.03042763,1,6
a6f13e65dcd141bca7ffb425d7c6c8be,1,606,-0.09889435,7,0
a77fe48ab6e44959860a1a2b44f7be5e,0,22315,-0.03042838,1,6
a77fe48ab6e44959860a1a2b44f7be5e,1,185,0.09848768,3,0
a82c0acb18dd4c3a99731b7a06a63fb7,0,21809,-0.02662893,1,6
a82c0acb18dd4c3a99731b7a06a63fb7,1,691,0.01595409,5,6
a859b4d1024a4157bbc8095bb7a671b5,0,22080,-0.04172502,1,6
a859b4d1024a4157bbc8095bb7a671b5,1,420,-0.00725032,0,5
a8c074d2ff5243e0b027d67b81587852,0,21765,-0.05222337,1,6
a8c074d2ff5243e0b027d67b81587852,1,735,0.05538593,5,6
a9460d1306f94aaf894af8b07d5f23a9,0,21755,-0.02141098,1,6
a9460d1306f94aaf894af8b07d5f23a9,1,745,0.00672668,5,6
a95deb56b3a845acae5cc782f42e5e4c,0,21483,-0.02001714,1,6
a95deb56b3a845acae5cc782f42e5e4c,1,1017,0.03221682,0,0
a9bc05c80b384bb0b4b078b2c4dd21f3,0,21740,-0.02462790,1,6
a9bc05c80b384bb0b4b078b2c4dd21f3,1,760,-0.04664039,6,6
aa4dc9c8df844c9cb1c4c9bfa27d5665,0,21445,-0.04224506,1,6
aa4dc9c8df844c9cb1c4c9bfa27d5665,1,1055,-0.01194042,5,6
aae0304d89854d818cb48c0aa52a4ebd,0,21694,-0.01621432,1,5
aae0304d89854d818cb48c0aa52a4ebd,1,806,0.04925015,0,0
ab787927932e426092de09da17936634,0,21864,-0.03327574,1,6
ab787927932e426092de09da17936634,1,636,0.03098534,5,6
ab7f9e0665d24fe79fbde77325627d18,0,21709,-0.04010417,1,6
ab7f9e0665d24fe79fbde77325627d18,1,791,0.01245251,5,6
ab959d16b505476fa14530f8f76da1bb,0,21494,-0.00699639,1,6
ab959d16b505476fa14530f8f76da1bb,1,1006,0.01007496,0,6
abaa0e0b515b453abc9c694081e0ade5,0,19587,-0.06259910,1,6
abaa0e0b515b453abc9c694081e0ade5,1,2913,-0.05330316,4,5
abe369cad4eb4112999d2919a0e91a78,0,21653,-0.04294643,1,6
abe369cad4eb4112999d2919a0e91a78,1,847,0.04797945,0,6
ac004b46197849efb6a7d4bbe466947c,0,21588,-0.03840589,1,6
ac004b46197849efb6a7d4bbe466947c,1,912,0.02148122,4,6
ac2d1e8913eb40e0847c39fb6dd73c5f,0,22317,-0.02754791,1,6
ac2d1e8913eb40e0847c39fb6dd73c5f,1,183,0.06594037,5,6
ac54c36b81eb498a810587527ff58ac8,0,21071,-0.04719388,1,6
ac54c36b81eb498a810587527ff58ac8,1,1429,0.03972070,0,0
ac7124bfc1694aa996a5e3b27d17ecf5,0,22375,-0.02810794,1,6
ac7124bfc1694aa996a5e3b27d17ecf5,1,125,0.06334388,3,0
ac7e7a21d29b41e6acc78ce8ef5ade66,0,21579,-0.05302832,1,6
ac7e7a21d29b41e6acc78ce8ef5ade66,1,921,0.00218832,6,6
ad7080dc8e08423482474c439e96c2ee,0,21292,-0.03202619,1,5
ad7080dc8e08423482474c439e96c2ee,1,1208,-0.05389100,7,0
adce54dcf6404d37bd170ffc4c2a7836,0,22194,0.01799011,1,6
adce54dcf6404d37bd170ffc4c2a7836,1,306,-0.01866284,7,6
adcff599db1e48f19fd5c0fc827c8d79,0,21751,-0.02591994,1,6
adcff599db1e48f19fd5c0fc827c8d79,1,749,-0.02763430,0,0
addc85df1c34465090f92fa811ecaac6,0,22329,-0.01949028,1,5
addc85df1c34465090f92fa811ecaac6,1,171,0.01611382,3,0
addf60d723774239a47582798aaa2146,0,21667,-0.04442962,1,6
addf60d723774239a47582798aaa2146,1,833,0.10166873,5,6
adebba609dd34ac58da232e03ad80f89,0,21542,-0.01992754,1,6
adebba609dd34ac58da232e03ad80f89,1,958,0.03557590,0,0
ae90c564207b4eb69b60630fa17ea7e8,0,22141,-0.04153266,1,6
ae90c564207b4eb69b60630fa17ea7e8,1,359,0.01266729,5,6
ae9508b3cd9e41c29bee43f66ba7b0fe,0,22500,-0.03304835,1,6
af0f72a7e15c481ab2bb87a561b00241,0,21498,-0.03386159,1,6
af0f72a7e15c481ab2bb87a561b00241,1,1002,-0.03480831,6,6
af4baa2810cf431695fbe4f3f5ce7951,0,21754,-0.00800540,1,6
af4baa2810cf431695fbe4f3f5ce7951,1,746,-0.02606412,0,5
af620d74bb47486b89cdc3844acb6c18,0,21591,-0.02735369,1,6
af620d74bb47486b89cdc3844acb6c18,1,909,-0.02552979,5,6
af7a7e39956646a785d8d7c5831fea62,0,22190,-0.02300425,1,6
af7a7e39956646a785d8d7c5831fea62,1,310,0.00725672,5,6
afb4301624a2479fbab49b0512d157c1,0,21676,-0.03212307,1,6
afb4301624a2479fbab49b0512d157c1,1,824,0.02640999,5,6
afc6a7290edb4e7ea109ef97c917fd9a,0,21883,-0.02950000,1,5
afc6a7290edb4e7ea109ef97c917fd9a,1,617,-0.00840023,6,6
afd9b98ede4b4c79b3fc1882ffeb2068,0,21572,-0.02366461,1,6
afd9b98ede4b4c79b3fc1882ffeb2068,1,928,0.00983380,0,0
afd9d700ec144dc3b646bec39362c710,0,21769,-0.03089594,1,6
afd9d700ec144dc3b646bec39362c710,1,731,-0.06949854,6,6
b0361d863c2f468d8f6ac82560aaf5bf,0,22354,-0.02883752,1,6
b0361d863c2f468d8f6ac82560aaf5bf,1,146,0.04754892,3,0
b06a815164ec466f9fdb525522bb3799,0,22210,-0.03708022,1,5
b06a815164ec466f9fdb525522bb3799,1,290,0.10522193,0,0
b06bba30b624457bbaecdae535accf98,0,21551,-0.03755171,1,6
b06bba30b624457bbaecdae535accf98,1,949,-0.01601212,6,6
b0715ea6c3714813b5255319443ea853,0,19467,-0.06606675,1,6
b0715ea6c3714813b5255319443ea853,1,3033,-0.06595924,4,5
b07273055da64823bcc2ede3f06ad3b7,0,21886,-0.01193494,1,6
b07273055da64823bcc2ede3f06ad3b7,1,614,-0.03564269,6,6
b082d53392614131a91fedb0a2b2e1ab,0,20702,-0.05176152,1,5
b082d53392614131a91fedb0a2b2e1ab,1,1798,0.02436308,4,5
b0b7ef23a4fb418690e43900525d09ad,0,21736,-0.02820122,1,6
b0b7ef23a4fb418690e43900525d09ad,1,764,0.01388967,0,6
b0baddf1fe7a48169d035ef788ba63db,0,20587,-0.02882948,1,6
b0baddf1fe7a48169d035ef788ba63db,1,1913,0.04596546,6,6
b0e6fd5561454b2789c853e5350557a8,0,22000,-0.03838283,1,6
b0e6fd5561454b2789c853e5350557a8,1,500,-0.02330210,4,6
b0f54b4767da48eda5e33d915e08b7e2,0,21747,-0.00826594,1,6
b0f54b4767da48eda5e33d915e08b7e2,1,753,0.02835404,4,5
b0f7564c8e3c4d97a9e9d632672c279c,0,21991,-0.01958766,1,6
b0f7564c8e3c4d97a9e9d632672c279c,1,509,-0.03899648,6,6
b103a06d72194214a8bb1b39b2c1cddf,0,21635,-0.04419802,1,6
b103a06d72194214a8bb1b39b2c1cddf,1,865,0.09562842,5,6
b11185c9e7aa48b1931a347e972b707d,0,20913,-0.03216864,1,6
b11185c9e7aa48b1931a347e972b707d,1,1587,0.06632864,4,6
b1bae3685d59491baacad9d09e03becd,0,22388,-0.01601295,1,6
b1bae3685d59491baacad9d09e03becd,1,112,-0.06011484,0,6
b1cc984e17a341e093c53c1d271acce6,0,21746,-0.02788927,1,6
b1cc984e17a341e093c53c1d271acce6,1,754,-0.03598015,6,6
b1e9743b56a3421b92120ad4cd2edb2c,0,22103,-0.04390786,1,5
b1e9743b56a3421b92120ad4cd2edb2c,1,397,-0.00924543,0,5
b211206072a8491dab37ca3965137daf,0,21567,-0.02415939,1,5
b211206072a8491dab37ca3965137daf,1,933,0.07615938,0,0
b22ec0c7883143c6a201e71ab917da7a,0,21471,-0.03192363,1,6
b22ec0c7883143c6a201e71ab917da7a,1,1029,-0.09864217,5,6
b2329c1fe1714b9bb2642b257d38755d,0,22282,-0.03579295,1,5
b2329c1fe1714b9bb2642b257d38755d,1,218,-0.00449722,2,6
b24eea3e5ebd423fafe109de526cb484,0,22063,0.00012420,1,6
b24eea3e5ebd423fafe109de526cb484,1,437,0.00730910,7,0
b35d4adf5f244e0f89e054a0dbfb84d6,0,21729,-0.05213302,1,6
b35d4adf5f244e0f89e054a0dbfb84d6,1,771,0.05691184,5,6
b35ff1ceacde4dd6bb3ba6878f72259e,0,21862,-0.03681786,1,6
b35ff1ceacde4dd6bb3ba6878f72259e,1,638,0.00923624,0,0
b39c76ccfad24cce9fedc2f27522e14a,0,22006,-0.03888494,1,6
b39c76ccfad24cce9fedc2f27522e14a,1,494,0.09601016,3,6
b39f4a387bfb416789997e070446663e,0,22248,-0.00540694,1,6
b39f4a387bfb416789997e070446663e,1,252,0.00582399,6,6
b3ba77a696634442a5f5a5dbcf906a39,0,21885,-0.02681397,1,5
b3ba77a696634442a5f5a5dbcf906a39,1,615,0.00654773,6,0
b3bafb1ec0824002ac518570c7995935,0,21454,-0.02994226,1,6
b3bafb1ec0824002ac518570c7995935,1,1046,-0.10228758,5,6
b3d0ef9d02d24118a0fe3e02104e8a33,0,22063,-0.02687615,1,6
b3d0ef9d02d24118a0fe3e02104e8a33,1,437,0.05188166,5,6
b421615151244708b1efe89c5147eaaf,0,21983,-0.03983145,1,5
b421615151244708b1efe89c5147eaaf,1,517,0.02671590,7,0
b45559bc742b417aa85dcce98f5e0676,0,22033,-0.03815175,1,5
b45559bc742b417aa85dcce98f5e0676,1,467,0.02629277,7,0
b4568c3c716449ad915c3d31ea83ff2e,0,21845,-0.02042704,1,5
b4568c3c716449ad915c3d31ea83ff2e,1,655,0.00943571,0,5
b46095be5e6c47d2aff1a67a151fc984,0,21742,-0.02807118,1,6
b46095be5e6c47d2aff1a67a151fc984,1,758,-0.09286922,7,0
b462e73472684c509a3e5f8734c33b10,0,21471,-0.02050369,1,5
b462e73472684c509a3e5f8734c33b10,1,1029,-0.00899574,0,0
b513d361d0874bf8aa8eeae2e04dd25c,0,21934,-0.02574212,1,6
b513d361d0874bf8aa8eeae2e04dd25c,1,566,0.04072055,5,6
b5c051cae12a4809bd699c77f295fea0,0,21438,-0.02780824,1,6
b5c051cae12a4809bd699c77f295fea0,1,1062,-0.08375576,6,6
b620d46817df4eb1972c4baa86d490e6,0,22225,-0.03047091,1,6
b620d46817df4eb1972c4baa86d490e6,1,275,0.03184919,0,6
b6fd3363ce6946d9ac46893e8a217a19,0,21414,-0.04205145,1,6
b6fd3363ce6946d9ac46893e8a217a19,1,1086,-0.00221525,5,6
b70d359986c74a008d7e9f957521b213,0,21759,-0.02726805,1,6
b70d359986c74a008d7e9f957521b213,1,741,0.01407597,0,0
b727a6877efc424c8b6593098edb728f,0,22090,-0.03022490,1,6
b727a6877efc424c8b6593098edb728f,1,410,0.03424322,5,6
b76ef036cbaa450fab76e2b42f97d1d6,0,22352,0.00179621,1,5
b76ef036cbaa450fab76e2b42f97d1d6,1,148,0.04943242,0,0
b78e92cb62b747978f6da60546758e92,0,21766,-0.03858481,1,6
b78e92cb62b747978f6da60546758e92,1,734,0.01980814,5,6
b822fb7e82a645419bd9ae3972af2617,0,21608,-0.01857340,1,6
b822fb7e82a645419bd9ae3972af2617,1,892,0.01735568,6,6
b840e929d2d642178fb8566866bee227,0,21952,-0.02281904,1,5
b840e929d2d642178fb8566866bee227,1,548,-0.01635242,6,6
b87c4fce91d94856b3d8a39961e97fbb,0,22212,-0.03262826,1,6
b87c4fce91d94856b3d8a39961e97fbb,1,288,0.05828832,5,6
b8c2c0c99fa24096abb6537fe3bd5628,0,22437,-0.01798503,1,6
b8c2c0c99fa24096abb6537fe3bd5628,1,63,-0.01355036,3,6
b8d19bb74eaa4a90906545e820d41ed2,0,18812,-0.06783618,1,6
b8d19bb74eaa4a90906545e820d41ed2,1,3688,-0.07705224,4,5
b8f4bec20b9b4d79b1979f43ba1e0222,0,19136,-0.06713816,1,6
b8f4bec20b9b4d79b1979f43ba1e0222,1,3364,-0.07638889,4,5
b93e282884024fa7aaebf546f0a3a7f9,0,20924,-0.04510840,1,6
b93e282884024fa7aaebf546f0a3a7f9,1,1576,0.00357372,6,6
b9853461935b41f88ba20195a2d0217c,0,21352,-0.02720508,1,6
b9853461935b41f88ba20195a2d0217c,1,1148,-0.07459544,5,6
b9c1ea3e21174a5ca1c0b9b7a24e3813,0,21674,-0.03486944,1,6
b9c1ea3e21174a5ca1c0b9b7a24e3813,1,826,-0.04705811,6,0
b9c60cfaf1814c8bb363037dec7abd35,0,22289,0.00740057,1,6
b9c60cfaf1814c8bb363037dec7abd35,1,211,0.02331128,2,6
ba27b2b3711a46c2969c60269ce4c0ef,0,18993,-0.06689063,1,6
ba27b2b3711a46c2969c60269ce4c0ef,1,3507,-0.07375954,4,5
ba3778e1ab7d425eb40a781546aaba4a,0,22190,-0.03470686,1,6
ba3778e1ab7d425eb40a781546aaba4a,1,310,-0.02344185,2,6
ba3c6f4e77ac473c879326d25afa49f1,0,22050,-0.04221698,1,6
ba3c6f4e77ac473c879326d25afa49f1,1,450,0.04441084,0,5
ba47b8c21bc446f3bfa60f004ca45106,0,21847,-0.01907895,1,6
ba47b8c21bc446f3bfa60f004ca45106,1,653,-0.03340116,6,6
ba4c95ffea104b088e07bdc2c7a0300a,0,21505,-0.03511236,1,5
ba4c95ffea104b088e07bdc2c7a0300a,1,995,0.03135684,0,0
bb08ec783fd7478bafb3383cf130aed8,0,21308,-0.02788650,1,6
bb08ec783fd7478bafb3383cf130aed8,1,1192,-0.00089443,6,6
bb972464787f4ecab2e9d77c7a0cb9f7,0,21619,-0.01762611,1,5
bb972464787f4ecab2e9d77c7a0cb9f7,1,881,-0.04640403,0,5
bb9c0abebf574b4892f1e0fab92004d1,0,21658,-0.03209696,1,6
bb9c0abebf574b4892f1e0fab92004d1,1,842,-0.04716328,6,6
bbf1d23e80b84da798c56cbac090f7d9,0,21850,-0.03480181,1,6
bbf1d23e80b84da798c56cbac090f7d9,1,650,0.09163375,5,6
bc35cb43c7de4fd3ab2355a9cc632ef9,0,21691,-0.02721191,1,6
bc35cb43c7de4fd3ab2355a9cc632ef9,1,809,-0.02322613,6,6
bcc84d5dd4574fdf960c240530088966,0,21980,-0.03918935,1,5
bcc84d5dd4574fdf960c240530088966,1,520,0.05894886,0,5
bd0a172dbc9045d5a11b1980ccfb0d53,0,21702,-0.02829586,1,6
bd0a172dbc9045d5a11b1980ccfb0d53,1,798,-0.02991042,5,6
bd45ca2a645842e68844ec6badf39e3b,0,21423,-0.03512507,1,6
bd45ca2a645842e68844ec6badf39e3b,1,1077,0.00736244,5,6
bdbc78adca87461d93ce8b90f1f38a1e,0,21136,-0.03911392,1,6
bdbc78adca87461d93ce8b90f1f38a1e,1,1364,-0.00754436,4,6
be28204a6a5a42ed9939d95ec3f22f5f,0,21608,-0.03401821,1,5
be28204a6a5a42ed9939d95ec3f22f5f,1,892,0.02576288,0,0
be3c96f9edb84d99a2a418a437a5ac40,0,21710,-0.03134301,1,6
be3c96f9edb84d99a2a418a437a5ac40,1,790,0.11923807,5,6
be6348186e644def89f08fc2a7d6b123,0,21269,-0.03189465,1,6
be6348186e644def89f08fc2a7d6b123,1,1231,0.00957318,6,6
be83af41951d42739ce790d878ea02f9,0,21794,-0.03882766,1,6
be83af41951d42739ce790d878ea02f9,1,706,0.01206460,5,6
be8a7d174bc94905a6acad7fab6e7e60,0,21555,-0.04729124,1,6
be8a7d174bc94905a6acad7fab6e7e60,1,945,-0.03728070,6,6
be9859ea98f7474d8841f0f6257572ac,0,21234,-0.03129919,1,6
be9859ea98f7474d8841f0f6257572ac,1,1266,-0.05918341,6,0
be9974114ee4478bbb67599baadacf7d,0,21556,-0.04718354,1,6
be9974114ee4478bbb67599baadacf7d,1,944,-0.01899014,0,5
bea5dd7080414656b1b89ff163cb7599,0,21718,-0.04238119,1,6
bea5dd7080414656b1b89ff163cb7599,1,782,0.00158142,5,6
bf6aeba0f19a46b087916c915f73cf39,0,21165,-0.04380252,1,6
bf6aeba0f19a46b087916c915f73cf39,1,1335,-0.00756823,5,6
bf7a775b373b4705aebfee0609f6e166,0,22291,-0.02873118,1,6
bf7a775b373b4705aebfee0609f6e166,1,209,0.09736076,5,6
bfe534d72d984d99be6d8f40f7e53085,0,19521,-0.06642705,1,6
bfe534d72d984d99be6d8f40f7e53085,1,2979,-0.05766979,4,5
bffaafdc84f14feaa358150c0e6fda34,0,21179,-0.05017750,1,6
bffaafdc84f14feaa358150c0e6fda34,1,1321,0.00825915,6,6
c0ac3dc491e7414184f44c2b32d24ad8,0,22173,-0.03054680,1,6
c0ac3dc491e7414184f44c2b32d24ad8,1,327,0.04101981,5,6
c0b82f067f7b4ad68640cacb05c3734e,0,21762,-0.02453438,1,5
c0b82f067f7b4ad68640cacb05c3734e,1,738,-0.00310623,0,6
c0cd7a49d9924264b2be63b6ce9a9674,0,21497,-0.02991987,1,5
c0cd7a49d9924264b2be63b6ce9a9674,1,1003,0.06673625,0,0
c0e18beded2d45d29662c2129503d4f7,0,22355,-0.02406798,1,6
c0e18beded2d45d29662c2129503d4f7,1,145,0.03683036,3,0
c0f6cef97fa44973afe8ed8e18e652c3,0,22159,-0.01946163,1,5
c0f6cef97fa44973afe8ed8e18e652c3,1,341,0.01756120,7,0
c0fbf40449154078a401e3903dff05da,0,21879,-0.03706321,1,6
c0fbf40449154078a401e3903dff05da,1,621,-0.00351665,5,6
c1255d993df4492a9dfa2f67a50f3073,0,21688,-0.02958828,1,6
c1255d993df4492a9dfa2f67a50f3073,1,812,0.00818419,0,6
c1348c56187d4f38ad1b569cd3a7095f,0,21790,-0.02580331,1,6
c1348c56187d4f38ad1b569cd3a7095f,1,710,0.01071574,0,0
c1a3b3382324434f8790c78b44cd93b4,0,22185,-0.02838969,1,6
c1a3b3382324434f8790c78b44cd93b4,1,315,0.03385417,0,6
c2289c7fcb7d4b82ad7ea2d0fcad479a,0,21651,-0.02154442,1,6
c2289c7fcb7d4b82ad7ea2d0fcad479a,1,849,-0.06400919,6,0
c2319982083b41dbaa42a640f55961f5,0,21822,-0.02580614,1,6
c2319982083b41dbaa42a640f55961f5,1,678,-0.02736891,6,6
c23c7613adf34ccdb2196d2d4825b702,0,20870,-0.04430639,1,5
c23c7613adf34ccdb2196d2d4825b702,1,1630,0.05620782,5,6
c28c950afda14f7b93ff956799873dff,0,22430,0.01805218,1,6
c28c950afda14f7b93ff956799873dff,1,70,0.09499662,3,0
c3286d413f524369ac040fbcd0b0e9b6,0,22377,-0.02548623,1,6
c3286d413f524369ac040fbcd0b0e9b6,1,123,0.04352941,3,0
c3387194b4df49c3a2f91df1801b662f,0,21920,-0.03443750,1,6
c3387194b4df49c3a2f91df1801b662f,1,580,0.06051677,0,0
c34e3ca74da44ac49fe0d040ee4ae10e,0,22111,-0.04015837,1,6
c34e3ca74da44ac49fe0d040ee4ae10e,1,389,0.04428549,5,6
c359678db3e0441397c0d631f98ec7e1,0,22295,-0.03005662,1,6
c359678db3e0441397c0d631f98ec7e1,1,205,0.03463319,3,0
c365e8e9ccfd4bcbac8fc09a21692edc,0,22419,-0.01862047,1,6
c365e8e9ccfd4bcbac8fc09a21692edc,1,81,-0.01722104,3,6
c393232463364bb1ab3f264b12f6694a,0,22392,-0.01058425,1,6
c393232463364bb1ab3f264b12f6694a,1,108,0.07491019,0,0
c3ab533691c844f2910462bdc732879d,0,21861,-0.03166080,1,6
c3ab533691c844f2910462bdc732879d,1,639,-0.03850121,6,6
c402b98a1b4c4e868eb64a1cf05f4a50,0,22097,-0.04430631,1,6
c402b98a1b4c4e868eb64a1cf05f4a50,1,403,-0.03181550,4,6
c481335250364c13a0f9e7946fa43163,0,21824,-0.02327265,1,6
c481335250364c13a0f9e7946fa43163,1,676,-0.04325095,6,6
c48d2494401a419b8c56b7f413526bd8,0,21841,-0.01115538,1,6
c48d2494401a419b8c56b7f413526bd8,1,659,-0.02193105,0,5
c49a39d8f51d41dabd03de50bbcf06d9,0,21299,-0.02790360,1,6
c49a39d8f51d41dabd03de50bbcf06d9,1,1201,-0.06462886,5,6
c49f9510d9cd4ba3aa986c01cb9be2d1,0,20445,-0.03554532,1,6
c49f9510d9cd4ba3aa986c01cb9be2d1,1,2055,0.03099259,4,6
c4b3feb84d7c4c338ac3227d856e0069,0,21658,-0.03422619,1,5
c4b3feb84d7c4c338ac3227d856e0069,1,842,0.04814269,0,0
c4b8c55ceed44c7e95c36e61b8a99ffe,0,22228,-0.03093019,1,6
c4b8c55ceed44c7e95c36e61b8a99ffe,1,272,0.07348183,0,6
c4bdc2fcf6ae4ba599d53663ed2ab5c5,0,21539,-0.02752404,1,6
c4bdc2fcf6ae4ba599d53663ed2ab5c5,1,961,-0.02937158,6,6
c50c7d9402bb4d85b3095645d8aa258b,0,22201,-0.04254032,1,6
c50c7d9402bb4d85b3095645d8aa258b,1,299,0.12565388,0,6
c51b9abd585d421b85dbf4a95eec4936,0,22500,-0.02587265,1,5
c58788051c04425091cdaa705bd2c7aa,0,21601,-0.02409290,1,6
c58788051c04425091cdaa705bd2c7aa,1,899,-0.08148102,6,0
c591060534ac4c978a9601baa87c202b,0,22373,-0.02456350,1,6
c591060534ac4c978a9601baa87c202b,1,127,0.06353641,3,0
c594b596cda64b80a0c453e6d0457415,0,19024,-0.06695242,1,6
c594b596cda64b80a0c453e6d0457415,1,3476,-0.07191781,4,5
c5fc747cb34f44d78820ae649d183e93,0,21750,-0.03156454,1,6
c5fc747cb34f44d78820ae649d183e93,1,750,-0.02549294,5,6
c604ceb421f54f028c246cb68960dd53,0,22349,-0.02358079,1,6
c604ceb421f54f028c246cb68960dd53,1,151,0.08065275,3,0
c62b6ac878934607be0c524a02f1692b,0,21163,-0.04164345,1,6
c62b6ac878934607be0c524a02f1692b,1,1337,-0.00480977,5,6
c63c15b4ddae40579136ebaecbbfbfd0,0,22221,-0.02382060,1,6
c63c15b4ddae40579136ebaecbbfbfd0,1,279,0.01699909,5,0
c686a80773ef45c3a850112e98f21df6,0,21628,-0.04871611,1,6
c686a80773ef45c3a850112e98f21df6,1,872,0.00583372,6,6
c6c215066356416fb0615fd0ee1fa3ff,0,21526,-0.04147813,1,6
c6c215066356416fb0615fd0ee1fa3ff,1,974,0.02383133,0,0
c6dd19098c9143a1849e1ea7e972ff6b,0,20522,-0.04767219,1,5
c6dd19098c9143a1849e1ea7e972ff6b,1,1978,-0.02752650,4,5
c6e22e0e30e84aa18112c81c85755b25,0,20131,-0.05961277,1,6
c6e22e0e30e84aa18112c81c85755b25,1,2369,-0.03504820,4,5
c75fae3bcdd54b3a8b3635fdcf8ba74b,0,21404,-0.02195632,1,5
c75fae3bcdd54b3a8b3635fdcf8ba74b,1,1096,-0.00994078,0,0
c7916de2cc5e4feab4a819194a428260,0,19219,-0.06617452,1,6
c7916de2cc5e4feab4a819194a428260,1,3281,-0.07071375,4,5
c79d510501b7499a9512971507d68d60,0,21141,-0.03641070,1,6
c79d510501b7499a9512971507d68d60,1,1359,0.04743511,5,6
c7bc5a205f5545b7a0af978889ceca13,0,22365,-0.02719455,1,6
c7bc5a205f5545b7a0af978889ceca13,1,135,0.05012329,3,0
c7fee57d96304d868dc8a2b187295c0b,0,21899,-0.02906831,1,6
c7fee57d96304d868dc8a2b187295c0b,1,601,0.02446985,5,6
c80365ff6ef64cbfaa37ae3b5f1e9cb9,0,22067,-0.02946160,1,6
c80365ff6ef64cbfaa37ae3b5f1e9cb9,1,433,0.06332495,5,6
c81224c9bdea4b829ba1020ae497cb84,0,22048,-0.04074441,1,5
c81224c9bdea4b829ba1020ae497cb84,1,452,0.01575957,0,5
c855b62fda9748c0a719c329b6e216ec,0,20752,-0.03858839,1,5
c855b62fda9748c0a719c329b6e216ec,1,1748,0.01125000,5,6
c8f0119b92774ec68db5e1509888fe92,0,21878,-0.03162861,1,6
c8f0119b92774ec68db5e1509888fe92,1,622,0.00359000,4,6
c916e25dc9324cfc9ae11c2ee94c628d,0,21178,-0.04358762,1,6
c916e25dc9324cfc9ae11c2ee94c628d,1,1322,-0.01870955,4,6
c9677733f3674dfeae21a2619021fdf0,0,21743,-0.04352499,1,6
c9677733f3674dfeae21a2619021fdf0,1,757,-0.00522178,5,6
c987b8bb6b2f41c5acc88eba4814c482,0,21992,-0.02104323,1,6
c987b8bb6b2f41c5acc88eba4814c482,1,508,0.01132111,0,6
c9d8db6e1a214fa3a320c10fbca115e2,0,21927,-0.03458333,1,6
c9d8db6e1a214fa3a320c10fbca115e2,1,573,0.02889922,4,6
ca2015ea2f06453c8d34fb1894ffde7d,0,20202,-0.01824417,1,5
ca2015ea2f06453c8d34fb1894ffde7d,1,2298,0.03705556,6,0
ca37a1ae2ef1461d9c3dadf826e78706,0,22290,-0.02151246,1,6
ca37a1ae2ef1461d9c3dadf826e78706,1,210,-0.07480315,7,6
ca924333b0ad4839952a5b6ab70de4b0,0,22121,-0.02616214,1,6
ca924333b0ad4839952a5b6ab70de4b0,1,379,0.01159917,3,0
cace7b0c3e674df99f8699dcbec76937,0,21923,-0.04063604,1,6
cace7b0c3e674df99f8699dcbec76937,1,577,0.01896088,0,6
cae4019561f143f5b924529ea50bf8a8,0,22152,-0.02581403,1,5
cae4019561f143f5b924529ea50bf8a8,1,348,-0.02491246,2,6
cb0da38702064a7c9699e70c8c4d6d67,0,21464,-0.05432862,1,6
cb0da38702064a7c9699e70c8c4d6d67,1,1036,-0.06313131,0,6
cb57adad69c54307907d522fd78c543b,0,21860,-0.02597185,1,6
cb57adad69c54307907d522fd78c543b,1,640,-0.06268735,7,6
cb934ea6cdef412e9d8d6f0f41286fe2,0,21737,-0.03048524,1,6
cb934ea6cdef412e9d8d6f0f41286fe2,1,763,-0.03008634,4,5
cba4c5078d8e40138b80902278069671,0,21672,-0.02683959,1,6
cba4c5078d8e40138b80902278069671,1,828,0.00544973,0,0
cbbd333271434197b1bd8302ae03100f,0,22381,-0.02578336,1,6
cbbd333271434197b1bd8302ae03100f,1,119,-0.02056668,3,0
cc18fde20db74d30825b0b60ec511b7b,0,22403,-0.02669211,1,5
cc18fde20db74d30825b0b60ec511b7b,1,97,-0.00890760,7,0
cc6d0652e2eb4240b6f07ad1be99109c,0,21518,-0.03856041,1,6
cc6d0652e2eb4240b6f07ad1be99109c,1,982,-0.00199459,6,6
cd14e6505cdb4627844cc6065d6e3f02,0,21709,-0.04466173,1,6
cd14e6505cdb4627844cc6065d6e3f02,1,791,0.00938147,3,6
ce0b0c67f3874c93a4a30d55dbb91ae5,0,22188,-0.03076484,1,6
ce0b0c67f3874c93a4a30d55dbb91ae5,1,312,-0.06512467,4,6
ce38bedad8344464946d53dc76e613bf,0,22055,-0.03103125,1,6
ce38bedad8344464946d53dc76e613bf,1,445,0.04667630,5,6
ce45c7c9cae1491ba4e30bdf649b7de0,0,21556,-0.02728175,1,6
ce45c7c9cae1491ba4e30bdf649b7de0,1,944,-0.04607438,7,6
cecb41d3a0b243c3b0d37a269ce855ad,0,21798,-0.03309001,1,6
cecb41d3a0b243c3b0d37a269ce855ad,1,702,-0.02204267,6,6
cef5745a54e24c7a9111d449e336b4ed,0,22115,-0.02863152,1,6
cef5745a54e24c7a9111d449e336b4ed,1,385,0.03898422,5,6
cf21155eda904501bbc960d4766764c0,0,21436,-0.04700494,1,6
cf21155eda904501bbc960d4766764c0,1,1064,-0.05423983,6,6
cf326fa396094c5d87527d1950b31235,0,21516,-0.02789128,1,6
cf326fa396094c5d87527d1950b31235,1,984,-0.08421559,6,6
cf3966a0bfcc4df0814820f23117e613,0,21901,-0.03619604,1,6
cf3966a0bfcc4df0814820f23117e613,1,599,0.03311966,5,6
cf4d66093d824995b2b56eb08503c663,0,21390,-0.02855547,1,6
cf4d66093d824995b2b56eb08503c663,1,1110,-0.06513069,5,6
cf53df0209f34b319ac84daa331a9d43,0,21620,-0.03432765,1,6
cf53df0209f34b319ac84daa331a9d43,1,880,-0.05116226,6,6
cf6a7d894c034a4db251f41bc31cdbf7,0,21775,-0.02330843,1,6
cf6a7d894c034a4db251f41bc31cdbf7,1,725,0.00213214,0,6
cf7cdd43be9b4886bcb7b45af4d9d104,0,21561,-0.02017573,1,5
cf7cdd43be9b4886bcb7b45af4d9d104,1,939,0.00168713,0,0
cfabe989031147e9bed9de9dacd60afa,0,22409,-0.02358899,1,6
cfabe989031147e9bed9de9dacd60afa,1,91,0.02698309,0,0
cfbf02c6624c4cfb951493700683d461,0,21492,-0.04259021,1,6
cfbf02c6624c4cfb951493700683d461,1,1008,-0.00829096,0,0
cfebd9654ff240859bcd5ee715ef4648,0,21817,-0.02120536,1,6
cfebd9654ff240859bcd5ee715ef4648,1,683,-0.04495012,6,6
cffde5b9752240b2932cd04cbd1fccd6,0,21725,-0.03185544,1,6
cffde5b9752240b2932cd04cbd1fccd6,1,775,0.02120478,5,6
d02a787e344d40d78b57593a31fe1813,0,22182,-0.00848500,1,6
d02a787e344d40d78b57593a31fe1813,1,318,-0.06442577,7,0
d036b91e580045378b9fa8cf7210b550,0,21543,-0.04101981,1,6
d036b91e580045378b9fa8cf7210b550,1,957,-0.00576759,6,6
d04025d1e84a4faa866b0f2e39d85d6d,0,19519,-0.06296617,1,6
d04025d1e84a4faa866b0f2e39d85d6d,1,2981,-0.05045827,4,6
d04c38eb3667435cbcadc46ee8eae374,0,22323,-0.02406874,1,5
d04c38eb3667435cbcadc46ee8eae374,1,177,-0.03808411,2,6
d0a9cf1d37cd414584f676826a1f400a,0,22291,-0.00182279,1,6
d0a9cf1d37cd414584f676826a1f400a,1,209,-0.00334194,3,6
d10b460fd96042d18edb5bb648857d32,0,21258,-0.03318217,1,6
d10b460fd96042d18edb5bb648857d32,1,1242,0.06651896,4,6
d13e4ef8f1264618a956ad4a0995b18b,0,21812,-0.03345991,1,6
d13e4ef8f1264618a956ad4a0995b18b,1,688,-0.00974900,6,6
d14ff11d28f8410a83aae3cd04de0203,0,21764,-0.01706845,1,5
d14ff11d28f8410a83aae3cd04de0203,1,736,-0.00413144,0,5
d15335bbcd57452c91a2270e8875ff22,0,21367,-0.02997003,1,6
d15335bbcd57452c91a2270e8875ff22,1,1133,-0.05189375,6,6
d1762f5594664de1b3d3aa8b36cab9a8,0,21858,-0.03190461,1,6
d1762f5594664de1b3d3aa8b36cab9a8,1,642,0.01534527,5,0
d1b23e695b0643b0a2614454fa83319b,0,22154,-0.02451533,1,6
d1b23e695b0643b0a2614454fa83319b,1,346,0.06837963,0,6
d1e063d5fe55416c96214debe248c362,0,20149,-0.05605078,1,6
d1e063d5fe55416c96214debe248c362,1,2351,-0.04043235,4,5
d21bdffbca9f4edaa4bf4f54fffa6f4b,0,22243,-0.02196020,1,6
d21bdffbca9f4edaa4bf4f54fffa6f4b,1,257,0.03777778,5,0
d25657fd31f34816920f051407c47f0f,0,21880,-0.02852666,1,5
d25657fd31f34816920f051407c47f0f,1,620,-0.00122887,5,5
d2c03f3dde6f49eeae172e7288f9a295,0,21618,-0.03696875,1,6
d2c03f3dde6f49eeae172e7288f9a295,1,882,0.01374880,4,6
d2ca32b5836244afb90a9e2ab9e1b7f1,0,21918,-0.03748253,1,6
d2ca32b5836244afb90a9e2ab9e1b7f1,1,582,0.04841654,4,6
d34f2eec80f54b608f9b9d0a86f103bd,0,22353,-0.03065528,1,5
d34f2eec80f54b608f9b9d0a86f103bd,1,147,0.04648058,0,0
d3eeecca49a24b65aa5e86ec9c63a3bf,0,21746,-0.03353136,1,6
d3eeecca49a24b65aa5e86ec9c63a3bf,1,754,0.12641969,5,6
d42e413c7c4d4fbdba460be4f8d01da1,0,21767,-0.04702670,1,5
d42e413c7c4d4fbdba460be4f8d01da1,1,733,-0.00886304,4,5
d48ee866a8f2421aaad395730715c179,0,21490,-0.03977002,1,6
d48ee866a8f2421aaad395730715c179,1,1010,0.07174666,0,0
d48f731eacf64f1f8df51ba2a153864a,0,21687,-0.02786053,1,6
d48f731eacf64f1f8df51ba2a153864a,1,813,0.01022959,0,0
d492d47f5aba43249fe426f07a2911bf,0,21600,-0.01771545,1,6
d492d47f5aba43249fe426f07a2911bf,1,900,-0.01533255,0,5
d4b3a58594d848d49dbef38e2e6e2125,0,21306,-0.03396672,1,6
d4b3a58594d848d49dbef38e2e6e2125,1,1194,0.04917945,4,5
d4c301dcfbc34ac8b8319353c3bfc620,0,22363,-0.02785916,1,6
d4c301dcfbc34ac8b8319353c3bfc620,1,137,0.04492774,3,0
d536032be01140afb6faa25b33de5487,0,21661,-0.02835765,1,6
d536032be01140afb6faa25b33de5487,1,839,-0.00639953,0,5
d55a20a3225b4e258cbba4dd9e1b597f,0,22370,-0.02763486,1,6
d55a20a3225b4e258cbba4dd9e1b597f,1,130,0.00745134,3,0
d5686f4785d04f7f82f723548f14523c,0,21420,-0.03010937,1,6
d5686f4785d04f7f82f723548f14523c,1,1080,-0.05768194,7,0
d5a661d8c39e4d87bc3d367063a8c82a,0,21988,-0.03453794,1,6
d5a661d8c39e4d87bc3d367063a8c82a,1,512,0.04555085,0,6
d5cb5a4a5e5245f8b6300ba482babbc2,0,21274,-0.01196388,1,5
d5cb5a4a5e5245f8b6300ba482babbc2,1,1226,0.02556962,0,0
d628f4a6b4a6405c8f4cfbb8d18c6fd8,0,21337,-0.04018095,1,6
d628f4a6b4a6405c8f4cfbb8d18c6fd8,1,1163,-0.07688018,5,6
d65e99f10ef045bd892a415029a008e2,0,22491,-0.02237979,1,6
d65e99f10ef045bd892a415029a008e2,1,9,0.02893680,7,5
d6f9027a85474ee4bbd4103cc7619f4f,0,21635,-0.03672680,1,6
d6f9027a85474ee4bbd4103cc7619f4f,1,865,-0.03002176,5,6
d74c961ec4274d14b8a211f29e390e30,0,21404,-0.04990770,1,6
d74c961ec4274d14b8a211f29e390e30,1,1096,-0.00707566,5,6
d7566c88bc6e4bfebf27e8322679090b,0,21477,-0.02503019,1,6
d7566c88bc6e4bfebf27e8322679090b,1,1023,-0.01969525,6,6
d781184227244ef99557f1163f681e3d,0,21950,-0.02946899,1,6
d781184227244ef99557f1163f681e3d,1,550,0.05177824,6,0
d79002ca6d834f1d9970941c2c441591,0,21509,-0.04090729,1,6
d79002ca6d834f1d9970941c2c441591,1,991,-0.04750134,6,6
d7f6efdc518b48b9aae17102636a6921,0,22223,-0.03163950,1,6
d7f6efdc518b48b9aae17102636a6921,1,277,0.02755960,0,6
d7f831c213eb44e3b8031f73929278a7,0,21883,-0.02860895,1,6
d7f831c213eb44e3b8031f73929278a7,1,617,-0.03397008,5,6
d813d750f591453a9b1bb905e6a88b48,0,21114,-0.04562711,1,5
d813d750f591453a9b1bb905e6a88b48,1,1386,0.00992238,5,6
d82980cf7e294905b8b8678fed8a9530,0,21977,-0.03083222,1,5
d82980cf7e294905b8b8678fed8a9530,1,523,0.01682510,2,6
d849f5a053f741e6a5f09983cf036225,0,21856,-0.02376516,1,5
d849f5a053f741e6a5f09983cf036225,1,644,0.02408818,7,0
d87a8d65103246918d76b491cce59773,0,21497,-0.05028953,1,6
d87a8d65103246918d76b491cce59773,1,1003,-0.07245575,6,6
d90f206c2a2e405e912ee046b0b27d85,0,21134,-0.02544994,1,6
d90f206c2a2e405e912ee046b0b27d85,1,1366,-0.01084559,5,6
d929c9294e4348c58edceeb460d2e083,0,22059,-0.02502033,1,5
d929c9294e4348c58edceeb460d2e083,1,441,0.02549415,6,0
d9c9c68f46004b89b16360de472255b1,0,21542,-0.04450710,1,6
d9c9c68f46004b89b16360de472255b1,1,958,0.05648578,5,6
d9cfb198219e4112b33e15f5ff448c05,0,22067,-0.02958251,1,6
d9cfb198219e4112b33e15f5ff448c05,1,433,0.04315812,5,6
da5566fec7d841e399413ccef674c966,0,21841,-0.02151331,1,5
da5566fec7d841e399413ccef674c966,1,659,0.00361726,6,0
dabfb5453ac2454d9806febac44df9f6,0,22377,-0.01627001,1,5
dabfb5453ac2454d9806febac44df9f6,1,123,-0.02397169,0,6
daeec5222fb346f99addae0db196eb1e,0,21940,-0.03247843,1,6
daeec5222fb346f99addae0db196eb1e,1,560,-0.04616541,6,6
dbb64a0867384612aff0f7be0f3327c1,0,21877,-0.03643232,1,6
dbb64a0867384612aff0f7be0f3327c1,1,623,0.01516703,0,5
dc2b67cdadca4deb89d7d684f2894292,0,21656,-0.03415284,1,5
dc2b67cdadca4deb89d7d684f2894292,1,844,0.02064289,0,5
dc4d4f9243464c08838ba54c9e532c92,0,21494,-0.03617262,1,6
dc4d4f9243464c08838ba54c9e532c92,1,1006,0.03025328,4,5
dc80a728399948168b6e301e031a2435,0,22062,-0.03967219,1,5
dc80a728399948168b6e301e031a2435,1,438,-0.01629616,6,6
dc8b650ad7344c82946e7195d734dc79,0,22237,-0.00308767,1,6
dc8b650ad7344c82946e7195d734dc79,1,263,-0.00331908,0,5
ddbdad13484d4b6f91fd7ac2ae4ad606,0,22200,-0.05361632,1,6
ddbdad13484d4b6f91fd7ac2ae4ad606,1,300,0.04682571,4,6
de44070678e84676ab9e68a16a55b5d5,0,21880,-0.02773895,1,6
de44070678e84676ab9e68a16a55b5d5,1,620,-0.08328304,7,6
deafcf11ebbf49ea987ebc7616d4c487,0,22143,-0.02853742,1,6
deafcf11ebbf49ea987ebc7616d4c487,1,357,0.03172170,3,0
deb8e26de2ed4821a871615eaf1ff3d0,0,22500,-0.04894542,1,6
dedec80061fd4640be7a8945c9846ff6,0,20400,-0.04015732,1,6
dedec80061fd4640be7a8945c9846ff6,1,2100,0.01662411,4,5
df25b3ecaf994001ab5d5b92b9de89fd,0,21762,-0.02485795,1,6
df25b3ecaf994001ab5d5b92b9de89fd,1,738,-0.00221089,0,5
df2eb0ab44e14baea1c24a6ed23286a9,0,22188,-0.01679432,1,5
df2eb0ab44e14baea1c24a6ed23286a9,1,312,0.00795365,0,0
df33634508ce4050ac8e8f982085cbb7,0,19059,-0.06693097,1,6
df33634508ce4050ac8e8f982085cbb7,1,3441,-0.07229833,4,5
df5bc2ce9fa14afc886ea2eb7cbd9a01,0,21056,-0.04935966,1,5
df5bc2ce9fa14afc886ea2eb7cbd9a01,1,1444,0.02441406,5,6
e05526aafa644218b37ab46567a6e776,0,22297,-0.01605152,1,6
e05526aafa644218b37ab46567a6e776,1,203,-0.00326422,0,6
e0668ad60c404fa6a7cd4295c536d737,0,22315,-0.01748641,1,6
e0668ad60c404fa6a7cd4295c536d737,1,185,0.02380570,5,0
e0e6b174d7294e6088c6ba8ebb6fcc18,0,20788,-0.04313594,1,5
e0e6b174d7294e6088c6ba8ebb6fcc18,1,1712,-0.03390906,4,5
e18a04d7d8e844e993a8d4f4857f27e7,0,21502,-0.03508124,1,6
e18a04d7d8e844e993a8d4f4857f27e7,1,998,-0.09282303,6,6
e1b54a05af0244ffb9fd9cf0872dbc70,0,18933,-0.06743070,1,5
e1b54a05af0244ffb9fd9cf0872dbc70,1,3567,-0.07969925,4,5
e1dffaba060040cfab07dec04790fbfa,0,21530,-0.03587631,1,5
e1dffaba060040cfab07dec04790fbfa,1,970,0.03368760,0,0
e1e84a1a464844cd80f144faa700c067,0,22205,-0.03096847,1,6
e1e84a1a464844cd80f144faa700c067,1,295,0.01387046,5,6
e2526ae0b641422f9151ffd49a19f01c,0,21507,-0.02884485,1,6
e2526ae0b641422f9151ffd49a19f01c,1,993,-0.09974343,5,6
e261f474caa34797b0759aa2ca8a576d,0,22332,0.02416858,1,6
e261f474caa34797b0759aa2ca8a576d,1,168,0.06309963,3,6
e2da4cb3c76f4b9dacf9e63f6d10a254,0,19100,-0.06730000,1,6
e2da4cb3c76f4b9dacf9e63f6d10a254,1,3400,-0.07257759,4,5
e2ff201cd94b4efdbaf986fbeefbad88,0,22028,-0.02084263,1,6
e2ff201cd94b4efdbaf986fbeefbad88,1,472,-0.06400675,6,6
e30a3a964a2e44f29009b76f096acdaa,0,22278,-0.03971180,1,5
e30a3a964a2e44f29009b76f096acdaa,1,222,-0.00181152,2,6
e32db3f8b6c244c2be60b6d7db30ccc3,0,21432,-0.02782465,1,6
e32db3f8b6c244c2be60b6d7db30ccc3,1,1068,-0.08453473,5,6
e334b3012d8b45649fb0614b14264a30,0,22335,-0.02455161,1,6
e334b3012d8b45649fb0614b14264a30,1,165,0.03470016,3,0
e3dbf6e92f0e4ac3860f1cbf73e2a312,0,21859,-0.04491409,1,5
e3dbf6e92f0e4ac3860f1cbf73e2a312,1,641,-0.01379669,7,0
e42c40288fba48e993507ce35215a7d5,0,22130,-0.02493442,1,6
e42c40288fba48e993507ce35215a7d5,1,370,0.04619852,5,6
e493c6923a0a4d5fb78b75dcc0ffc5ab,0,21199,0.00843667,1,5
e493c6923a0a4d5fb78b75dcc0ffc5ab,1,1301,0.05774336,5,6
e49931f3efaf4066b5398d2bebf8081b,0,21244,-0.05221314,1,6
e49931f3efaf4066b5398d2bebf8081b,1,1256,0.01167098,0,5
e4a61a01232041f596e72f03495234f2,0,21454,-0.03941799,1,6
e4a61a01232041f596e72f03495234f2,1,1046,-0.07740443,5,6
e4cd9dabbbd9468796c2ef8d0bc0a568,0,21523,-0.05354775,1,6
e4cd9dabbbd9468796c2ef8d0bc0a568,1,977,-0.01169314,6,6
e4d1a39a994f42c4aa80067af72e03e1,0,21638,-0.03275714,1,6
e4d1a39a994f42c4aa80067af72e03e1,1,862,-0.00823048,0,6
e5062bd5d7774291b8641c5a9a38b439,0,21780,-0.02527439,1,6
e5062bd5d7774291b8641c5a9a38b439,1,720,0.00884111,0,0
e553a1dfab23413c848d30b585181fe8,0,18921,-0.06707803,1,6
e553a1dfab23413c848d30b585181fe8,1,3579,-0.07847744,4,5
e55fea30eaf74390885f05a39248023b,0,18800,-0.06705937,1,6
e55fea30eaf74390885f05a39248023b,1,3700,-0.07503743,4,5
e5880a586ee4466bb3d2bb30a16092ee,0,20435,-0.03548569,1,6
e5880a586ee4466bb3d2bb30a16092ee,1,2065,0.03605368,4,6
e59fefa1fc19406782779392dff95366,0,21677,-0.02788389,1,6
e59fefa1fc19406782779392dff95366,1,823,-0.01949285,0,0
e5a4fc27e7204bbcb6d45ba84f1ef29c,0,19189,-0.06646667,1,6
e5a4fc27e7204bbcb6d45ba84f1ef29c,1,3311,-0.07380419,4,5
e69a14f90e684e0c8dbcee8336e837ad,0,22331,-0.02897574,1,6
e69a14f90e684e0c8dbcee8336e837ad,1,169,0.08926006,3,0
e6d1a6c5413942bdaa26ce0c0e5330ad,0,21889,-0.04011657,1,5
e6d1a6c5413942bdaa26ce0c0e5330ad,1,611,-0.00355834,7,0
e737731a6a8947f9862c1b4bb13b99cd,0,19266,-0.06652162,1,6
e737731a6a8947f9862c1b4bb13b99cd,1,3234,-0.07146226,4,5
e762b41bf9cd4dd98f3b7132de33cf3c,0,22473,-0.03674853,1,5
e762b41bf9cd4dd98f3b7132de33cf3c,1,27,0.04605263,7,5
e7683144f74449309873faf2cb7e76c8,0,22388,-0.02618723,1,6
e7683144f74449309873faf2cb7e76c8,1,112,0.05724945,3,0
e786b718ea6a4887bcb86639de62a1ce,0,21640,-0.04199851,1,6
e786b718ea6a4887bcb86639de62a1ce,1,860,-0.08898747,6,6
e7956e3f3ec14f0191f612f9b6309729,0,21114,-0.03215278,1,6
e7956e3f3ec14f0191f612f9b6309729,1,1386,-0.01508186,6,0
e7bc8aeb620845efae293033f2e40196,0,20814,-0.03391035,1,6
e7bc8aeb620845efae293033f2e40196,1,1686,0.02686577,6,6
e80d4cea3d8a48c08efe5f6929d97b81,0,21646,-0.01600060,1,6
e80d4cea3d8a48c08efe5f6929d97b81,1,854,0.02109793,4,6
e83245456dd34cc495c5b099da07c8f0,0,22302,-0.01658480,1,6
e83245456dd34cc495c5b099da07c8f0,1,198,0.08744487,0,0
e8a68d5703164e449e045364ab890e03,0,21138,-0.02741071,1,6
e8a68d5703164e449e045364ab890e03,1,1362,0.01782261,4,5
e912736e809a4c3da86bc228bfa2980a,0,21670,-0.04098205,1,6
e912736e809a4c3da86bc228bfa2980a,1,830,0.10250450,5,6
e92b0dc7a8d047f99f114ad792138339,0,21501,-0.02852525,1,6
e92b0dc7a8d047f99f114ad792138339,1,999,-0.08788696,6,6
e9ae8c38b8744ea2a265e4f64829c0d3,0,21966,-0.01043101,1,5
e9ae8c38b8744ea2a265e4f64829c0d3,1,534,-0.02760623,6,6
ea13e21a23d04f1a885f67744421ae52,0,22274,-0.02829795,1,6
ea13e21a23d04f1a885f67744421ae52,1,226,-0.00860447,0,6
ea5dbccb2a7a4b4e9ce8c0f5e0509d17,0,21680,-0.03108041,1,6
ea5dbccb2a7a4b4e9ce8c0f5e0509d17,1,820,-0.04977850,5,6
ea653143720a4bf6bdf0b77998f776a0,0,22070,-0.03282262,1,6
ea653143720a4bf6bdf0b77998f776a0,1,430,0.02892501,5,6
eab9a7fe8c7c4cbebbefbbdb77960d6a,0,21741,-0.02579413,1,6
eab9a7fe8c7c4cbebbefbbdb77960d6a,1,759,0.01332768,0,0
eb9ddcfe232f4572881edf80b904449d,0,20683,-0.04758713,1,5
eb9ddcfe232f4572881edf80b904449d,1,1817,0.02818160,4,5
ebef899df124471f94a0d4befaf785e4,0,21684,-0.03336538,1,5
ebef899df124471f94a0d4befaf785e4,1,816,0.02827964,0,0
ec78e68b1637464da5305a9cbed214c4,0,21750,-0.02556391,1,6
ec78e68b1637464da5305a9cbed214c4,1,750,-0.02490847,0,0
ed42cd1f78884c228e291b2691e89507,0,20670,-0.02926243,1,5
ed42cd1f78884c228e291b2691e89507,1,1830,0.07634083,4,5
ed798a271bb64df0a3c1b21db414fa33,0,21198,-0.03504642,1,6
ed798a271bb64df0a3c1b21db414fa33,1,1302,0.02012338,5,6
eda82ccd4f3747eab66d9c402317dbc9,0,21579,-0.03421053,1,6
eda82ccd4f3747eab66d9c402317dbc9,1,921,-0.03190916,6,6
edbe3e17467b4106a7ea812fccc6da78,0,21981,-0.03279286,1,5
edbe3e17467b4106a7ea812fccc6da78,1,519,0.03660936,2,6
edde57e6dfeb416e936d9056824b8253,0,22224,-0.03053062,1,5
edde57e6dfeb416e936d9056824b8253,1,276,0.01254165,6,0
ee82f97267f747c78c3458640faf9d67,0,21797,-0.02896641,1,6
ee82f97267f747c78c3458640faf9d67,1,703,0.04448629,0,0
ef1a273c61914852806161f5dbb4e4c9,0,22044,-0.03804212,1,6
ef1a273c61914852806161f5dbb4e4c9,1,456,0.05365194,0,0
ef1b0ef208114d07992b390e856c69b0,0,21446,-0.05003289,1,6
ef1b0ef208114d07992b390e856c69b0,1,1054,-0.03030129,6,6
ef659588544742c3beca0e3be01f3616,0,22098,-0.02990376,1,6
ef659588544742c3beca0e3be01f3616,1,402,0.03098681,3,6
ef710f7aad4c4bcf9ac21ef155c8c3d1,0,21468,-0.01281619,1,5
ef710f7aad4c4bcf9ac21ef155c8c3d1,1,1032,0.02084417,0,6
ef8800a299ee42a7bb426ab825a23737,0,21855,-0.05735134,1,6
ef8800a299ee42a7bb426ab825a23737,1,645,0.04473961,5,6
ef9eddeaa6c641b2bfc687237153a1e9,0,21174,-0.02888669,1,5
ef9eddeaa6c641b2bfc687237153a1e9,1,1326,-0.02832481,5,6
efce90566e4b4b39a3869c023d7c6f19,0,21666,-0.02909267,1,6
efce90566e4b4b39a3869c023d7c6f19,1,834,-0.02162388,0,0
f05e94332d124446a9b8df3917101615,0,22170,-0.02893110,1,6
f05e94332d124446a9b8df3917101615,1,330,-0.00990671,3,6
f086b86de2f44ddf923500d35b47b354,0,21784,-0.04000590,1,6
f086b86de2f44ddf923500d35b47b354,1,716,0.08268805,0,6
f08dbd9dccd94de7a194788dfdcc7f48,0,22482,-0.03940217,1,5
f08dbd9dccd94de7a194788dfdcc7f48,1,18,0.04160790,7,5
f09c85b7ca614a97b5a2293ad5b1182c,0,22359,-0.02446073,1,6
f09c85b7ca614a97b5a2293ad5b1182c,1,141,0.02267066,3,0
f0c47597c226445fa1e14c82d879f9a4,0,20682,0.02485795,1,6
f0c47597c226445fa1e14c82d879f9a4,1,1818,0.02692716,6,6
f0f7fec4524045f4a2f44866d410ec84,0,21886,-0.03794222,1,6
f0f7fec4524045f4a2f44866d410ec84,1,614,0.03401153,5,6
f0fcd01b429f42afb264134a2c1336b0,0,22500,-0.03233365,1,6
f1ad72cddc6a452fae44f666693945e1,0,20796,-0.02808141,1,5
f1ad72cddc6a452fae44f666693945e1,1,1704,0.07590090,4,5
f1bfed21abe14f66ad4f398148107dd4,0,21946,-0.03240314,1,6
f1bfed21abe14f66ad4f398148107dd4,1,554,0.01820171,4,6
f1cfa142bc164c99a2c679a6dea01a67,0,21817,-0.01193587,1,6
f1cfa142bc164c99a2c679a6dea01a67,1,683,0.06023114,0,6
f1d9fc82160b4980a3fd44dc92bdd033,0,22129,-0.03045382,1,5
f1d9fc82160b4980a3fd44dc92bdd033,1,371,-0.01308547,6,0
f1ec540053df4cf481a2190bed06e148,0,19645,-0.06296468,1,6
f1ec540053df4cf481a2190bed06e148,1,2855,-0.05119421,4,5
f25fac13b265470aa70b69a7ed8013cc,0,21969,-0.02211139,1,5
f25fac13b265470aa70b69a7ed8013cc,1,531,-0.01515586,2,0
f2727eb072f7470b862601edee7250b3,0,21551,-0.02017788,1,6
f2727eb072f7470b862601edee7250b3,1,949,0.02149765,0,0
f311006db7884a3a844b3f10c835762b,0,21919,-0.04061272,1,5
f311006db7884a3a844b3f10c835762b,1,581,0.02737195,0,5
f334e3c6c5684a9ab5ac3122287dc50c,0,21747,-0.04230202,1,5
f334e3c6c5684a9ab5ac3122287dc50c,1,753,-0.02274761,4,5
f33e0c3f5d5c426593af8af1c27b68b8,0,22368,-0.04015935,1,5
f33e0c3f5d5c426593af8af1c27b68b8,1,132,0.02360284,0,0
f3501361c9814d4ba99bfb741c012f28,0,20695,-0.04501834,1,5
f3501361c9814d4ba99bfb741c012f28,1,1805,-0.02650997,4,5
f38aedc5545643d5be815165c6574186,0,21638,-0.02990007,1,6
f38aedc5545643d5be815165c6574186,1,862,0.00489068,0,5
f38ef51177c84c2a9fa32584b79e601e,0,21343,-0.03283144,1,6
f38ef51177c84c2a9fa32584b79e601e,1,1157,-0.10018610,5,6
f3b10b3ae50a4ada8ad177f61b3138f5,0,20950,-0.04040073,1,5
f3b10b3ae50a4ada8ad177f61b3138f5,1,1550,0.05127907,0,0
f3c0d5342fd54c4f95312fead7783170,0,22406,-0.01815080,1,6
f3c0d5342fd54c4f95312fead7783170,1,94,0.05239780,3,0
f3c9f3e85f384381bfced8c2a863376f,0,21773,-0.02720167,1,6
f3c9f3e85f384381bfced8c2a863376f,1,727,-0.00779855,0,5
f3d292fb057a4490967facdc1b9968cf,0,22194,-0.02891586,1,6
f3d292fb057a4490967facdc1b9968cf,1,306,0.07012649,3,0
f466f4f31ef74754b57b5cd86a665185,0,21548,-0.03767597,1,6
f466f4f31ef74754b57b5cd86a665185,1,952,-0.01089579,4,6
f4b5b6fc59e34da6bd18d4d8e299dab8,0,21340,0.03120042,1,6
f4b5b6fc59e34da6bd18d4d8e299dab8,1,1160,-0.01784232,0,5
f4d621bac4954bab8376359358093db6,0,22356,-0.03389124,1,6
f4d621bac4954bab8376359358093db6,1,144,0.03864196,3,0
f525764b424647e88f18f9d0ea9e41e9,0,21430,-0.04008808,1,6
f525764b424647e88f18f9d0ea9e41e9,1,1070,0.01818495,4,6
f5a8490b733140bd9eb51131f5e65b4e,0,21926,-0.03494695,1,6
f5a8490b733140bd9eb51131f5e65b4e,1,574,-0.07428881,7,6
f65bc5ee29144c93b0d658d83a96bbc8,0,20535,-0.04517061,1,5
f65bc5ee29144c93b0d658d83a96bbc8,1,1965,0.03423032,4,5
f662ee6d67ac42978952033001972646,0,18973,-0.06643333,1,6
f662ee6d67ac42978952033001972646,1,3527,-0.07055069,4,5
f69deb5862844f09a690500fe6a2b9b0,0,22288,-0.02704170,1,6
f69deb5862844f09a690500fe6a2b9b0,1,212,0.04045074,3,0
f710d3238c7d487d8696db5707c41e09,0,20521,-0.04968363,1,6
f710d3238c7d487d8696db5707c41e09,1,1979,-0.01009637,4,5
f733cb92982f4f58a1ce5c427786491b,0,21756,-0.03456347,1,6
f733cb92982f4f58a1ce5c427786491b,1,744,0.01281319,5,5
f77829179019485b8ff425d7ef2ddefb,0,22306,-0.02543637,1,6
f77829179019485b8ff425d7ef2ddefb,1,194,0.08199141,0,0
f79b3feb774f4fdaaeb25f38d456f73e,0,21547,-0.03779070,1,6
f79b3feb774f4fdaaeb25f38d456f73e,1,953,0.03795455,6,6
f7b3cd928a034c48b606db29a5f2b3c5,0,20708,-0.02624722,1,6
f7b3cd928a034c48b606db29a5f2b3c5,1,1792,0.00571241,6,0
f7d75d25c86941f3aecfed9efea1a3e3,0,22120,-0.03280530,1,5
f7d75d25c86941f3aecfed9efea1a3e3,1,380,0.01798796,0,0
f86efa52f865437082324b8790e50b16,0,21778,-0.03849122,1,6
f86efa52f865437082324b8790e50b16,1,722,0.09912807,0,6
f9161a733a9c4303ac28a12159a38e0d,0,21925,-0.04590506,1,6
f9161a733a9c4303ac28a12159a38e0d,1,575,0.02643408,5,6
f93df2f44078444a876992aebec0a8fe,0,20989,-0.03620385,1,6
f93df2f44078444a876992aebec0a8fe,1,1511,-0.03738202,6,0
f96a3767845d48908a6790482af577ae,0,20339,-0.04971888,1,6
f96a3767845d48908a6790482af577ae,1,2161,-0.00341971,4,5
f9b825f4020e4da8b6a182160e0b0705,0,22346,-0.02602366,1,6
f9b825f4020e4da8b6a182160e0b0705,1,154,-0.01537274,3,0
fa1a6e0348aa4974808669ff11afc30c,0,22307,-0.02641304,1,6
fa1a6e0348aa4974808669ff11afc30c,1,193,0.00506743,3,0
fa48d1046e22419fad3615fc17225e16,0,21718,-0.02497884,1,6
fa48d1046e22419fad3615fc17225e16,1,782,-0.01852638,6,6
fa55184474d74849911a4b84da0a4b53,0,21899,-0.03269278,1,6
fa55184474d74849911a4b84da0a4b53,1,601,0.06475277,0,0
fa5cd3e2f2424263b9558b654fbbc831,0,21709,-0.03728514,1,5
fa5cd3e2f2424263b9558b654fbbc831,1,791,0.02791986,0,6
faa34cacc1c54794842cd636214a58cd,0,19525,-0.06441495,1,6
faa34cacc1c54794842cd636214a58cd,1,2975,-0.04868905,4,5
fac8be41b6fe45c8ad71604ed218149f,0,21506,-0.04104291,1,6
fac8be41b6fe45c8ad71604ed218149f,1,994,0.00626162,4,6
fae2bb46325643e7a4f48fd0423cc55a,0,21566,-0.00756215,1,6
fae2bb46325643e7a4f48fd0423cc55a,1,934,0.01644083,0,6
fb2a700732f24bfe86d1187ba7492ba2,0,22132,-0.02549559,1,6
fb2a700732f24bfe86d1187ba7492ba2,1,368,-0.00005199,3,0
fc651dc8a36846fdba3f705117d3d0d0,0,21545,-0.03134305,1,6
fc651dc8a36846fdba3f705117d3d0d0,1,955,-0.01451988,5,6
fc65df7ebef547eca13d3f0481212ed8,0,21376,-0.03216463,1,6
fc65df7ebef547eca13d3f0481212ed8,1,1124,-0.07885242,6,6
fcba04d25c624528bc796930792902f3,0,21586,-0.02011494,1,6
fcba04d25c624528bc796930792902f3,1,914,-0.08384446,6,6
fd5b6a5c4933435e94c3d4ae7ccd08d2,0,22099,-0.04571811,1,6
fd5b6a5c4933435e94c3d4ae7ccd08d2,1,401,-0.00942433,4,6
fd761d865ef147e7bb7eec819b9cfd54,0,21523,-0.03836946,1,5
fd761d865ef147e7bb7eec819b9cfd54,1,977,0.03864276,0,0
fda51a2eabf74815bd12f9203c227392,0,22243,-0.02273620,1,6
fda51a2eabf74815bd12f9203c227392,1,257,0.02163053,0,0
fdb723ef23d64b47aead300ed1d573f7,0,22373,-0.03471011,1,6
fdb723ef23d64b47aead300ed1d573f7,1,127,0.04167506,3,0
fdd22a4e963c48fe8987afff20c46648,0,21738,-0.05056487,1,5
fdd22a4e963c48fe8987afff20c46648,1,762,-0.00280324,4,5
fdd3a6f8d68a4bf08f45881201d072ae,0,22307,-0.03808422,1,5
fdd3a6f8d68a4bf08f45881201d072ae,1,193,0.00957063,2,6
fde1435fa125431d9eb22d8e5e254a32,0,22026,-0.03072081,1,5
fde1435fa125431d9eb22d8e5e254a32,1,474,0.02721304,2,6
fe4272b3476c45c8a3704e977b85d409,0,22052,-0.03560780,1,6
fe4272b3476c45c8a3704e977b85d409,1,448,-0.01639801,4,6
fe5b1b2e8aa2430e90c5c90825f9f1f2,0,22477,0.00765640,1,5
fe5b1b2e8aa2430e90c5c90825f9f1f2,1,23,0.01905677,7,5
fec53f7e648f45ee81b0c75b32622b72,0,21774,-0.03272128,1,6
fec53f7e648f45ee81b0c75b32622b72,1,726,-0.02441329,4,6
feedde26563b4303ad0faa7ef7684940,0,22176,-0.03067434,1,5
feedde26563b4303ad0faa7ef7684940,1,324,-0.02953143,2,6
fef6223e08f64885af98e24ccbbcb373,0,21914,-0.04017199,1,5
fef6223e08f64885af98e24ccbbcb373,1,586,-0.00786189,5,5
ff6114d5779f4a058ec6c812afd56294,0,21832,-0.03176478,1,6
ff6114d5779f4a058ec6c812afd56294,1,668,0.02157325,5,6
ff6647167b944ee0864ec6fbd1baedfe,0,20727,-0.02761936,1,5
ff6647167b944ee0864ec6fbd1baedfe,1,1773,0.06562500,4,5
ff771831a0b243169b037f4659e23a9d,0,21583,-0.02721511,1,6
ff771831a0b243169b037f4659e23a9d,1,917,-0.08548896,5,6
ff9fccde28864e1b8127991feee3301d,0,21977,-0.02376083,1,6
ff9fccde28864e1b8127991feee3301d,1,523,0.05106746,6,0
ffec010a27b4462f86b78e2e41d14f42,0,21702,-0.02964995,1,6
ffec010a27b4462f86b78e2e41d14f42,1,798,-0.03941574,5,6
